month,street,community,contamination_type,weight_kg
2026-01,文华街道,书香门第,厨余袋混入塑料瓶/塑料袋,2120.8
2026-01,文华街道,书香门第,厨余袋混入纸巾渣土等其他垃圾,107.1
2026-01,文华街道,书香门第,厨余袋混入玻璃纸盒等可回收物,297.1
2026-01,文华街道,书香门第,可回收物桶混入厨余残渣污染,761.9
2026-01,文华街道,书香门第,其他垃圾桶混入废电池灯管等有害垃圾,627.7
2026-01,文华街道,书香门第,其他垃圾桶混入纸箱金属等可回收物,819.4
2026-02,文华街道,书香门第,厨余袋混入塑料瓶/塑料袋,1069.3
2026-02,文华街道,书香门第,厨余袋混入纸巾渣土等其他垃圾,907.6
2026-02,文华街道,书香门第,厨余袋混入玻璃纸盒等可回收物,467.6
2026-02,文华街道,书香门第,可回收物桶混入厨余残渣污染,484.0
2026-02,文华街道,书香门第,其他垃圾桶混入废电池灯管等有害垃圾,257.2
2026-02,文华街道,书香门第,其他垃圾桶混入纸箱金属等可回收物,980.9
2026-03,文华街道,书香门第,厨余袋混入塑料瓶/塑料袋,2089.3
2026-03,文华街道,书香门第,厨余袋混入纸巾渣土等其他垃圾,379.1
2026-03,文华街道,书香门第,厨余袋混入玻璃纸盒等可回收物,247.6
2026-03,文华街道,书香门第,可回收物桶混入厨余残渣污染,1098.2
2026-03,文华街道,书香门第,其他垃圾桶混入废电池灯管等有害垃圾,486.3
2026-03,文华街道,书香门第,其他垃圾桶混入纸箱金属等可回收物,149.8
2026-04,文华街道,书香门第,厨余袋混入塑料瓶/塑料袋,1904.9
2026-04,文华街道,书香门第,厨余袋混入纸巾渣土等其他垃圾,781.7
2026-04,文华街道,书香门第,厨余袋混入玻璃纸盒等可回收物,982.9
2026-04,文华街道,书香门第,可回收物桶混入厨余残渣污染,232.5
2026-04,文华街道,书香门第,其他垃圾桶混入废电池灯管等有害垃圾,106.2
2026-04,文华街道,书香门第,其他垃圾桶混入纸箱金属等可回收物,62.4
2026-05,文华街道,书香门第,厨余袋混入塑料瓶/塑料袋,569.9
2026-05,文华街道,书香门第,厨余袋混入纸巾渣土等其他垃圾,629.9
2026-05,文华街道,书香门第,厨余袋混入玻璃纸盒等可回收物,232.9
2026-05,文华街道,书香门第,可回收物桶混入厨余残渣污染,734.9
2026-05,文华街道,书香门第,其他垃圾桶混入废电池灯管等有害垃圾,1240.0
2026-05,文华街道,书香门第,其他垃圾桶混入纸箱金属等可回收物,486.9
2026-06,文华街道,书香门第,厨余袋混入塑料瓶/塑料袋,1222.1
2026-06,文华街道,书香门第,厨余袋混入纸巾渣土等其他垃圾,589.2
2026-06,文华街道,书香门第,厨余袋混入玻璃纸盒等可回收物,860.7
2026-06,文华街道,书香门第,可回收物桶混入厨余残渣污染,120.8
2026-06,文华街道,书香门第,其他垃圾桶混入废电池灯管等有害垃圾,434.7
2026-06,文华街道,书香门第,其他垃圾桶混入纸箱金属等可回收物,416.4
2026-07,文华街道,书香门第,厨余袋混入塑料瓶/塑料袋,1476.8
2026-07,文华街道,书香门第,厨余袋混入纸巾渣土等其他垃圾,1679.1
2026-07,文华街道,书香门第,厨余袋混入玻璃纸盒等可回收物,76.6
2026-07,文华街道,书香门第,可回收物桶混入厨余残渣污染,220.3
2026-07,文华街道,书香门第,其他垃圾桶混入废电池灯管等有害垃圾,84.3
2026-07,文华街道,书香门第,其他垃圾桶混入纸箱金属等可回收物,44.2
2026-08,文华街道,书香门第,厨余袋混入塑料瓶/塑料袋,1390.8
2026-08,文华街道,书香门第,厨余袋混入纸巾渣土等其他垃圾,889.9
2026-08,文华街道,书香门第,厨余袋混入玻璃纸盒等可回收物,31.8
2026-08,文华街道,书香门第,可回收物桶混入厨余残渣污染,696.4
2026-08,文华街道,书香门第,其他垃圾桶混入废电池灯管等有害垃圾,279.7
2026-08,文华街道,书香门第,其他垃圾桶混入纸箱金属等可回收物,18.8
2026-09,文华街道,书香门第,厨余袋混入塑料瓶/塑料袋,410.1
2026-09,文华街道,书香门第,厨余袋混入纸巾渣土等其他垃圾,594.6
2026-09,文华街道,书香门第,厨余袋混入玻璃纸盒等可回收物,84.1
2026-09,文华街道,书香门第,可回收物桶混入厨余残渣污染,231.9
2026-09,文华街道,书香门第,其他垃圾桶混入废电池灯管等有害垃圾,143.1
2026-09,文华街道,书香门第,其他垃圾桶混入纸箱金属等可回收物,385.0
2026-01,文华街道,墨香苑,厨余袋混入塑料瓶/塑料袋,762.6
2026-01,文华街道,墨香苑,厨余袋混入纸巾渣土等其他垃圾,2590.4
2026-01,文华街道,墨香苑,厨余袋混入玻璃纸盒等可回收物,468.2
2026-01,文华街道,墨香苑,可回收物桶混入厨余残渣污染,151.2
2026-01,文华街道,墨香苑,其他垃圾桶混入废电池灯管等有害垃圾,75.7
2026-01,文华街道,墨香苑,其他垃圾桶混入纸箱金属等可回收物,119.9
2026-02,文华街道,墨香苑,厨余袋混入塑料瓶/塑料袋,88.3
2026-02,文华街道,墨香苑,厨余袋混入纸巾渣土等其他垃圾,1291.2
2026-02,文华街道,墨香苑,厨余袋混入玻璃纸盒等可回收物,492.3
2026-02,文华街道,墨香苑,可回收物桶混入厨余残渣污染,1086.9
2026-02,文华街道,墨香苑,其他垃圾桶混入废电池灯管等有害垃圾,288.4
2026-02,文华街道,墨香苑,其他垃圾桶混入纸箱金属等可回收物,353.5
2026-03,文华街道,墨香苑,厨余袋混入塑料瓶/塑料袋,80.9
2026-03,文华街道,墨香苑,厨余袋混入纸巾渣土等其他垃圾,1225.8
2026-03,文华街道,墨香苑,厨余袋混入玻璃纸盒等可回收物,795.5
2026-03,文华街道,墨香苑,可回收物桶混入厨余残渣污染,1345.1
2026-03,文华街道,墨香苑,其他垃圾桶混入废电池灯管等有害垃圾,94.3
2026-03,文华街道,墨香苑,其他垃圾桶混入纸箱金属等可回收物,40.3
2026-04,文华街道,墨香苑,厨余袋混入塑料瓶/塑料袋,358.1
2026-04,文华街道,墨香苑,厨余袋混入纸巾渣土等其他垃圾,105.3
2026-04,文华街道,墨香苑,厨余袋混入玻璃纸盒等可回收物,1569.6
2026-04,文华街道,墨香苑,可回收物桶混入厨余残渣污染,909.6
2026-04,文华街道,墨香苑,其他垃圾桶混入废电池灯管等有害垃圾,544.1
2026-04,文华街道,墨香苑,其他垃圾桶混入纸箱金属等可回收物,38.2
2026-05,文华街道,墨香苑,厨余袋混入塑料瓶/塑料袋,1087.0
2026-05,文华街道,墨香苑,厨余袋混入纸巾渣土等其他垃圾,690.6
2026-05,文华街道,墨香苑,厨余袋混入玻璃纸盒等可回收物,1474.0
2026-05,文华街道,墨香苑,可回收物桶混入厨余残渣污染,9.6
2026-05,文华街道,墨香苑,其他垃圾桶混入废电池灯管等有害垃圾,198.0
2026-05,文华街道,墨香苑,其他垃圾桶混入纸箱金属等可回收物,3.1
2026-06,文华街道,墨香苑,厨余袋混入塑料瓶/塑料袋,101.8
2026-06,文华街道,墨香苑,厨余袋混入纸巾渣土等其他垃圾,320.5
2026-06,文华街道,墨香苑,厨余袋混入玻璃纸盒等可回收物,1184.9
2026-06,文华街道,墨香苑,可回收物桶混入厨余残渣污染,491.1
2026-06,文华街道,墨香苑,其他垃圾桶混入废电池灯管等有害垃圾,266.3
2026-06,文华街道,墨香苑,其他垃圾桶混入纸箱金属等可回收物,617.1
2026-07,文华街道,墨香苑,厨余袋混入塑料瓶/塑料袋,586.5
2026-07,文华街道,墨香苑,厨余袋混入纸巾渣土等其他垃圾,381.0
2026-07,文华街道,墨香苑,厨余袋混入玻璃纸盒等可回收物,718.6
2026-07,文华街道,墨香苑,可回收物桶混入厨余残渣污染,200.2
2026-07,文华街道,墨香苑,其他垃圾桶混入废电池灯管等有害垃圾,332.9
2026-07,文华街道,墨香苑,其他垃圾桶混入纸箱金属等可回收物,714.8
2026-08,文华街道,墨香苑,厨余袋混入塑料瓶/塑料袋,1026.7
2026-08,文华街道,墨香苑,厨余袋混入纸巾渣土等其他垃圾,900.4
2026-08,文华街道,墨香苑,厨余袋混入玻璃纸盒等可回收物,181.1
2026-08,文华街道,墨香苑,可回收物桶混入厨余残渣污染,452.7
2026-08,文华街道,墨香苑,其他垃圾桶混入废电池灯管等有害垃圾,123.4
2026-08,文华街道,墨香苑,其他垃圾桶混入纸箱金属等可回收物,117.2
2026-09,文华街道,墨香苑,厨余袋混入塑料瓶/塑料袋,200.4
2026-09,文华街道,墨香苑,厨余袋混入纸巾渣土等其他垃圾,242.2
2026-09,文华街道,墨香苑,厨余袋混入玻璃纸盒等可回收物,328.5
2026-09,文华街道,墨香苑,可回收物桶混入厨余残渣污染,117.6
2026-09,文华街道,墨香苑,其他垃圾桶混入废电池灯管等有害垃圾,568.8
2026-09,文华街道,墨香苑,其他垃圾桶混入纸箱金属等可回收物,63.6
2026-01,文华街道,学府花园,厨余袋混入塑料瓶/塑料袋,155.5
2026-01,文华街道,学府花园,厨余袋混入纸巾渣土等其他垃圾,2695.3
2026-01,文华街道,学府花园,厨余袋混入玻璃纸盒等可回收物,72.6
2026-01,文华街道,学府花园,可回收物桶混入厨余残渣污染,320.6
2026-01,文华街道,学府花园,其他垃圾桶混入废电池灯管等有害垃圾,2155.9
2026-01,文华街道,学府花园,其他垃圾桶混入纸箱金属等可回收物,2.8
2026-02,文华街道,学府花园,厨余袋混入塑料瓶/塑料袋,1916.5
2026-02,文华街道,学府花园,厨余袋混入纸巾渣土等其他垃圾,540.5
2026-02,文华街道,学府花园,厨余袋混入玻璃纸盒等可回收物,1174.4
2026-02,文华街道,学府花园,可回收物桶混入厨余残渣污染,71.7
2026-02,文华街道,学府花园,其他垃圾桶混入废电池灯管等有害垃圾,311.8
2026-02,文华街道,学府花园,其他垃圾桶混入纸箱金属等可回收物,575.4
2026-03,文华街道,学府花园,厨余袋混入塑料瓶/塑料袋,1174.8
2026-03,文华街道,学府花园,厨余袋混入纸巾渣土等其他垃圾,1426.4
2026-03,文华街道,学府花园,厨余袋混入玻璃纸盒等可回收物,742.5
2026-03,文华街道,学府花园,可回收物桶混入厨余残渣污染,338.8
2026-03,文华街道,学府花园,其他垃圾桶混入废电池灯管等有害垃圾,318.5
2026-03,文华街道,学府花园,其他垃圾桶混入纸箱金属等可回收物,1080.5
2026-04,文华街道,学府花园,厨余袋混入塑料瓶/塑料袋,1387.6
2026-04,文华街道,学府花园,厨余袋混入纸巾渣土等其他垃圾,542.3
2026-04,文华街道,学府花园,厨余袋混入玻璃纸盒等可回收物,320.8
2026-04,文华街道,学府花园,可回收物桶混入厨余残渣污染,1653.5
2026-04,文华街道,学府花园,其他垃圾桶混入废电池灯管等有害垃圾,687.8
2026-04,文华街道,学府花园,其他垃圾桶混入纸箱金属等可回收物,204.7
2026-05,文华街道,学府花园,厨余袋混入塑料瓶/塑料袋,207.9
2026-05,文华街道,学府花园,厨余袋混入纸巾渣土等其他垃圾,2354.1
2026-05,文华街道,学府花园,厨余袋混入玻璃纸盒等可回收物,645.8
2026-05,文华街道,学府花园,可回收物桶混入厨余残渣污染,302.0
2026-05,文华街道,学府花园,其他垃圾桶混入废电池灯管等有害垃圾,1164.9
2026-05,文华街道,学府花园,其他垃圾桶混入纸箱金属等可回收物,275.4
2026-06,文华街道,学府花园,厨余袋混入塑料瓶/塑料袋,655.8
2026-06,文华街道,学府花园,厨余袋混入纸巾渣土等其他垃圾,2074.2
2026-06,文华街道,学府花园,厨余袋混入玻璃纸盒等可回收物,665.9
2026-06,文华街道,学府花园,可回收物桶混入厨余残渣污染,115.0
2026-06,文华街道,学府花园,其他垃圾桶混入废电池灯管等有害垃圾,731.2
2026-06,文华街道,学府花园,其他垃圾桶混入纸箱金属等可回收物,411.2
2026-07,文华街道,学府花园,厨余袋混入塑料瓶/塑料袋,241.3
2026-07,文华街道,学府花园,厨余袋混入纸巾渣土等其他垃圾,867.9
2026-07,文华街道,学府花园,厨余袋混入玻璃纸盒等可回收物,696.9
2026-07,文华街道,学府花园,可回收物桶混入厨余残渣污染,2333.4
2026-07,文华街道,学府花园,其他垃圾桶混入废电池灯管等有害垃圾,326.4
2026-07,文华街道,学府花园,其他垃圾桶混入纸箱金属等可回收物,108.3
2026-08,文华街道,学府花园,厨余袋混入塑料瓶/塑料袋,499.2
2026-08,文华街道,学府花园,厨余袋混入纸巾渣土等其他垃圾,2186.4
2026-08,文华街道,学府花园,厨余袋混入玻璃纸盒等可回收物,422.4
2026-08,文华街道,学府花园,可回收物桶混入厨余残渣污染,515.6
2026-08,文华街道,学府花园,其他垃圾桶混入废电池灯管等有害垃圾,386.9
2026-08,文华街道,学府花园,其他垃圾桶混入纸箱金属等可回收物,372.7
2026-09,文华街道,学府花园,厨余袋混入塑料瓶/塑料袋,263.6
2026-09,文华街道,学府花园,厨余袋混入纸巾渣土等其他垃圾,1153.0
2026-09,文华街道,学府花园,厨余袋混入玻璃纸盒等可回收物,531.7
2026-09,文华街道,学府花园,可回收物桶混入厨余残渣污染,295.1
2026-09,文华街道,学府花园,其他垃圾桶混入废电池灯管等有害垃圾,33.0
2026-09,文华街道,学府花园,其他垃圾桶混入纸箱金属等可回收物,382.9
2026-01,文华街道,文昌里,厨余袋混入塑料瓶/塑料袋,2851.7
2026-01,文华街道,文昌里,厨余袋混入纸巾渣土等其他垃圾,1971.8
2026-01,文华街道,文昌里,厨余袋混入玻璃纸盒等可回收物,363.5
2026-01,文华街道,文昌里,可回收物桶混入厨余残渣污染,1066.4
2026-01,文华街道,文昌里,其他垃圾桶混入废电池灯管等有害垃圾,94.8
2026-01,文华街道,文昌里,其他垃圾桶混入纸箱金属等可回收物,6.0
2026-02,文华街道,文昌里,厨余袋混入塑料瓶/塑料袋,1552.9
2026-02,文华街道,文昌里,厨余袋混入纸巾渣土等其他垃圾,573.1
2026-02,文华街道,文昌里,厨余袋混入玻璃纸盒等可回收物,519.7
2026-02,文华街道,文昌里,可回收物桶混入厨余残渣污染,891.0
2026-02,文华街道,文昌里,其他垃圾桶混入废电池灯管等有害垃圾,878.0
2026-02,文华街道,文昌里,其他垃圾桶混入纸箱金属等可回收物,1013.6
2026-03,文华街道,文昌里,厨余袋混入塑料瓶/塑料袋,2160.0
2026-03,文华街道,文昌里,厨余袋混入纸巾渣土等其他垃圾,1534.4
2026-03,文华街道,文昌里,厨余袋混入玻璃纸盒等可回收物,298.3
2026-03,文华街道,文昌里,可回收物桶混入厨余残渣污染,414.2
2026-03,文华街道,文昌里,其他垃圾桶混入废电池灯管等有害垃圾,285.5
2026-03,文华街道,文昌里,其他垃圾桶混入纸箱金属等可回收物,1398.5
2026-04,文华街道,文昌里,厨余袋混入塑料瓶/塑料袋,2548.4
2026-04,文华街道,文昌里,厨余袋混入纸巾渣土等其他垃圾,1710.7
2026-04,文华街道,文昌里,厨余袋混入玻璃纸盒等可回收物,628.3
2026-04,文华街道,文昌里,可回收物桶混入厨余残渣污染,602.1
2026-04,文华街道,文昌里,其他垃圾桶混入废电池灯管等有害垃圾,105.3
2026-04,文华街道,文昌里,其他垃圾桶混入纸箱金属等可回收物,112.8
2026-05,文华街道,文昌里,厨余袋混入塑料瓶/塑料袋,1000.7
2026-05,文华街道,文昌里,厨余袋混入纸巾渣土等其他垃圾,2446.8
2026-05,文华街道,文昌里,厨余袋混入玻璃纸盒等可回收物,289.0
2026-05,文华街道,文昌里,可回收物桶混入厨余残渣污染,2176.4
2026-05,文华街道,文昌里,其他垃圾桶混入废电池灯管等有害垃圾,18.5
2026-05,文华街道,文昌里,其他垃圾桶混入纸箱金属等可回收物,30.2
2026-06,文华街道,文昌里,厨余袋混入塑料瓶/塑料袋,1375.7
2026-06,文华街道,文昌里,厨余袋混入纸巾渣土等其他垃圾,1319.7
2026-06,文华街道,文昌里,厨余袋混入玻璃纸盒等可回收物,414.6
2026-06,文华街道,文昌里,可回收物桶混入厨余残渣污染,430.2
2026-06,文华街道,文昌里,其他垃圾桶混入废电池灯管等有害垃圾,915.1
2026-06,文华街道,文昌里,其他垃圾桶混入纸箱金属等可回收物,1112.9
2026-07,文华街道,文昌里,厨余袋混入塑料瓶/塑料袋,2574.5
2026-07,文华街道,文昌里,厨余袋混入纸巾渣土等其他垃圾,763.3
2026-07,文华街道,文昌里,厨余袋混入玻璃纸盒等可回收物,392.4
2026-07,文华街道,文昌里,可回收物桶混入厨余残渣污染,582.7
2026-07,文华街道,文昌里,其他垃圾桶混入废电池灯管等有害垃圾,1035.1
2026-07,文华街道,文昌里,其他垃圾桶混入纸箱金属等可回收物,179.0
2026-08,文华街道,文昌里,厨余袋混入塑料瓶/塑料袋,689.2
2026-08,文华街道,文昌里,厨余袋混入纸巾渣土等其他垃圾,2492.1
2026-08,文华街道,文昌里,厨余袋混入玻璃纸盒等可回收物,324.4
2026-08,文华街道,文昌里,可回收物桶混入厨余残渣污染,853.8
2026-08,文华街道,文昌里,其他垃圾桶混入废电池灯管等有害垃圾,708.1
2026-08,文华街道,文昌里,其他垃圾桶混入纸箱金属等可回收物,422.4
2026-09,文华街道,文昌里,厨余袋混入塑料瓶/塑料袋,794.2
2026-09,文华街道,文昌里,厨余袋混入纸巾渣土等其他垃圾,1213.4
2026-09,文华街道,文昌里,厨余袋混入玻璃纸盒等可回收物,58.1
2026-09,文华街道,文昌里,可回收物桶混入厨余残渣污染,780.2
2026-09,文华街道,文昌里,其他垃圾桶混入废电池灯管等有害垃圾,321.0
2026-09,文华街道,文昌里,其他垃圾桶混入纸箱金属等可回收物,183.6
2026-01,朝阳街道,文华苑,厨余袋混入塑料瓶/塑料袋,689.9
2026-01,朝阳街道,文华苑,厨余袋混入纸巾渣土等其他垃圾,1311.4
2026-01,朝阳街道,文华苑,厨余袋混入玻璃纸盒等可回收物,1340.0
2026-01,朝阳街道,文华苑,可回收物桶混入厨余残渣污染,154.1
2026-01,朝阳街道,文华苑,其他垃圾桶混入废电池灯管等有害垃圾,275.7
2026-01,朝阳街道,文华苑,其他垃圾桶混入纸箱金属等可回收物,200.6
2026-02,朝阳街道,文华苑,厨余袋混入塑料瓶/塑料袋,155.7
2026-02,朝阳街道,文华苑,厨余袋混入纸巾渣土等其他垃圾,1918.1
2026-02,朝阳街道,文华苑,厨余袋混入玻璃纸盒等可回收物,374.7
2026-02,朝阳街道,文华苑,可回收物桶混入厨余残渣污染,412.8
2026-02,朝阳街道,文华苑,其他垃圾桶混入废电池灯管等有害垃圾,620.7
2026-02,朝阳街道,文华苑,其他垃圾桶混入纸箱金属等可回收物,33.7
2026-03,朝阳街道,文华苑,厨余袋混入塑料瓶/塑料袋,661.6
2026-03,朝阳街道,文华苑,厨余袋混入纸巾渣土等其他垃圾,407.5
2026-03,朝阳街道,文华苑,厨余袋混入玻璃纸盒等可回收物,636.2
2026-03,朝阳街道,文华苑,可回收物桶混入厨余残渣污染,1142.3
2026-03,朝阳街道,文华苑,其他垃圾桶混入废电池灯管等有害垃圾,744.8
2026-03,朝阳街道,文华苑,其他垃圾桶混入纸箱金属等可回收物,150.5
2026-04,朝阳街道,文华苑,厨余袋混入塑料瓶/塑料袋,1008.0
2026-04,朝阳街道,文华苑,厨余袋混入纸巾渣土等其他垃圾,991.2
2026-04,朝阳街道,文华苑,厨余袋混入玻璃纸盒等可回收物,465.8
2026-04,朝阳街道,文华苑,可回收物桶混入厨余残渣污染,690.8
2026-04,朝阳街道,文华苑,其他垃圾桶混入废电池灯管等有害垃圾,38.9
2026-04,朝阳街道,文华苑,其他垃圾桶混入纸箱金属等可回收物,248.9
2026-05,朝阳街道,文华苑,厨余袋混入塑料瓶/塑料袋,482.4
2026-05,朝阳街道,文华苑,厨余袋混入纸巾渣土等其他垃圾,1528.0
2026-05,朝阳街道,文华苑,厨余袋混入玻璃纸盒等可回收物,652.0
2026-05,朝阳街道,文华苑,可回收物桶混入厨余残渣污染,352.6
2026-05,朝阳街道,文华苑,其他垃圾桶混入废电池灯管等有害垃圾,397.1
2026-05,朝阳街道,文华苑,其他垃圾桶混入纸箱金属等可回收物,100.8
2026-06,朝阳街道,文华苑,厨余袋混入塑料瓶/塑料袋,560.2
2026-06,朝阳街道,文华苑,厨余袋混入纸巾渣土等其他垃圾,1194.8
2026-06,朝阳街道,文华苑,厨余袋混入玻璃纸盒等可回收物,43.5
2026-06,朝阳街道,文华苑,可回收物桶混入厨余残渣污染,569.8
2026-06,朝阳街道,文华苑,其他垃圾桶混入废电池灯管等有害垃圾,396.7
2026-06,朝阳街道,文华苑,其他垃圾桶混入纸箱金属等可回收物,398.5
2026-07,朝阳街道,文华苑,厨余袋混入塑料瓶/塑料袋,990.9
2026-07,朝阳街道,文华苑,厨余袋混入纸巾渣土等其他垃圾,539.6
2026-07,朝阳街道,文华苑,厨余袋混入玻璃纸盒等可回收物,645.6
2026-07,朝阳街道,文华苑,可回收物桶混入厨余残渣污染,774.3
2026-07,朝阳街道,文华苑,其他垃圾桶混入废电池灯管等有害垃圾,47.9
2026-07,朝阳街道,文华苑,其他垃圾桶混入纸箱金属等可回收物,234.6
2026-08,朝阳街道,文华苑,厨余袋混入塑料瓶/塑料袋,283.6
2026-08,朝阳街道,文华苑,厨余袋混入纸巾渣土等其他垃圾,854.3
2026-08,朝阳街道,文华苑,厨余袋混入玻璃纸盒等可回收物,988.8
2026-08,朝阳街道,文华苑,可回收物桶混入厨余残渣污染,306.7
2026-08,朝阳街道,文华苑,其他垃圾桶混入废电池灯管等有害垃圾,710.9
2026-08,朝阳街道,文华苑,其他垃圾桶混入纸箱金属等可回收物,44.6
2026-09,朝阳街道,文华苑,厨余袋混入塑料瓶/塑料袋,408.1
2026-09,朝阳街道,文华苑,厨余袋混入纸巾渣土等其他垃圾,443.2
2026-09,朝阳街道,文华苑,厨余袋混入玻璃纸盒等可回收物,256.0
2026-09,朝阳街道,文华苑,可回收物桶混入厨余残渣污染,322.9
2026-09,朝阳街道,文华苑,其他垃圾桶混入废电池灯管等有害垃圾,344.3
2026-09,朝阳街道,文华苑,其他垃圾桶混入纸箱金属等可回收物,83.1
2026-01,朝阳街道,翠湖小区,厨余袋混入塑料瓶/塑料袋,1647.6
2026-01,朝阳街道,翠湖小区,厨余袋混入纸巾渣土等其他垃圾,2076.5
2026-01,朝阳街道,翠湖小区,厨余袋混入玻璃纸盒等可回收物,845.5
2026-01,朝阳街道,翠湖小区,可回收物桶混入厨余残渣污染,271.0
2026-01,朝阳街道,翠湖小区,其他垃圾桶混入废电池灯管等有害垃圾,957.3
2026-01,朝阳街道,翠湖小区,其他垃圾桶混入纸箱金属等可回收物,1942.2
2026-02,朝阳街道,翠湖小区,厨余袋混入塑料瓶/塑料袋,958.6
2026-02,朝阳街道,翠湖小区,厨余袋混入纸巾渣土等其他垃圾,1202.5
2026-02,朝阳街道,翠湖小区,厨余袋混入玻璃纸盒等可回收物,113.6
2026-02,朝阳街道,翠湖小区,可回收物桶混入厨余残渣污染,1657.3
2026-02,朝阳街道,翠湖小区,其他垃圾桶混入废电池灯管等有害垃圾,345.0
2026-02,朝阳街道,翠湖小区,其他垃圾桶混入纸箱金属等可回收物,2477.6
2026-03,朝阳街道,翠湖小区,厨余袋混入塑料瓶/塑料袋,1559.6
2026-03,朝阳街道,翠湖小区,厨余袋混入纸巾渣土等其他垃圾,988.7
2026-03,朝阳街道,翠湖小区,厨余袋混入玻璃纸盒等可回收物,1965.8
2026-03,朝阳街道,翠湖小区,可回收物桶混入厨余残渣污染,1702.4
2026-03,朝阳街道,翠湖小区,其他垃圾桶混入废电池灯管等有害垃圾,209.8
2026-03,朝阳街道,翠湖小区,其他垃圾桶混入纸箱金属等可回收物,1036.6
2026-04,朝阳街道,翠湖小区,厨余袋混入塑料瓶/塑料袋,776.8
2026-04,朝阳街道,翠湖小区,厨余袋混入纸巾渣土等其他垃圾,1139.4
2026-04,朝阳街道,翠湖小区,厨余袋混入玻璃纸盒等可回收物,499.1
2026-04,朝阳街道,翠湖小区,可回收物桶混入厨余残渣污染,3195.4
2026-04,朝阳街道,翠湖小区,其他垃圾桶混入废电池灯管等有害垃圾,43.2
2026-04,朝阳街道,翠湖小区,其他垃圾桶混入纸箱金属等可回收物,1249.1
2026-05,朝阳街道,翠湖小区,厨余袋混入塑料瓶/塑料袋,2649.5
2026-05,朝阳街道,翠湖小区,厨余袋混入纸巾渣土等其他垃圾,921.4
2026-05,朝阳街道,翠湖小区,厨余袋混入玻璃纸盒等可回收物,403.6
2026-05,朝阳街道,翠湖小区,可回收物桶混入厨余残渣污染,2184.9
2026-05,朝阳街道,翠湖小区,其他垃圾桶混入废电池灯管等有害垃圾,246.8
2026-05,朝阳街道,翠湖小区,其他垃圾桶混入纸箱金属等可回收物,464.2
2026-06,朝阳街道,翠湖小区,厨余袋混入塑料瓶/塑料袋,839.8
2026-06,朝阳街道,翠湖小区,厨余袋混入纸巾渣土等其他垃圾,3567.3
2026-06,朝阳街道,翠湖小区,厨余袋混入玻璃纸盒等可回收物,1091.2
2026-06,朝阳街道,翠湖小区,可回收物桶混入厨余残渣污染,339.4
2026-06,朝阳街道,翠湖小区,其他垃圾桶混入废电池灯管等有害垃圾,360.7
2026-06,朝阳街道,翠湖小区,其他垃圾桶混入纸箱金属等可回收物,260.3
2026-07,朝阳街道,翠湖小区,厨余袋混入塑料瓶/塑料袋,1312.2
2026-07,朝阳街道,翠湖小区,厨余袋混入纸巾渣土等其他垃圾,1917.5
2026-07,朝阳街道,翠湖小区,厨余袋混入玻璃纸盒等可回收物,810.6
2026-07,朝阳街道,翠湖小区,可回收物桶混入厨余残渣污染,1078.2
2026-07,朝阳街道,翠湖小区,其他垃圾桶混入废电池灯管等有害垃圾,226.1
2026-07,朝阳街道,翠湖小区,其他垃圾桶混入纸箱金属等可回收物,844.0
2026-08,朝阳街道,翠湖小区,厨余袋混入塑料瓶/塑料袋,1219.3
2026-08,朝阳街道,翠湖小区,厨余袋混入纸巾渣土等其他垃圾,694.2
2026-08,朝阳街道,翠湖小区,厨余袋混入玻璃纸盒等可回收物,1690.8
2026-08,朝阳街道,翠湖小区,可回收物桶混入厨余残渣污染,767.9
2026-08,朝阳街道,翠湖小区,其他垃圾桶混入废电池灯管等有害垃圾,576.7
2026-08,朝阳街道,翠湖小区,其他垃圾桶混入纸箱金属等可回收物,1000.6
2026-09,朝阳街道,翠湖小区,厨余袋混入塑料瓶/塑料袋,996.7
2026-09,朝阳街道,翠湖小区,厨余袋混入纸巾渣土等其他垃圾,1086.2
2026-09,朝阳街道,翠湖小区,厨余袋混入玻璃纸盒等可回收物,202.6
2026-09,朝阳街道,翠湖小区,可回收物桶混入厨余残渣污染,237.5
2026-09,朝阳街道,翠湖小区,其他垃圾桶混入废电池灯管等有害垃圾,296.3
2026-09,朝阳街道,翠湖小区,其他垃圾桶混入纸箱金属等可回收物,863.9
2026-01,朝阳街道,金桥公寓,厨余袋混入塑料瓶/塑料袋,552.4
2026-01,朝阳街道,金桥公寓,厨余袋混入纸巾渣土等其他垃圾,632.9
2026-01,朝阳街道,金桥公寓,厨余袋混入玻璃纸盒等可回收物,918.0
2026-01,朝阳街道,金桥公寓,可回收物桶混入厨余残渣污染,2469.4
2026-01,朝阳街道,金桥公寓,其他垃圾桶混入废电池灯管等有害垃圾,1761.1
2026-01,朝阳街道,金桥公寓,其他垃圾桶混入纸箱金属等可回收物,31.6
2026-02,朝阳街道,金桥公寓,厨余袋混入塑料瓶/塑料袋,217.9
2026-02,朝阳街道,金桥公寓,厨余袋混入纸巾渣土等其他垃圾,462.8
2026-02,朝阳街道,金桥公寓,厨余袋混入玻璃纸盒等可回收物,309.2
2026-02,朝阳街道,金桥公寓,可回收物桶混入厨余残渣污染,14.4
2026-02,朝阳街道,金桥公寓,其他垃圾桶混入废电池灯管等有害垃圾,103.9
2026-02,朝阳街道,金桥公寓,其他垃圾桶混入纸箱金属等可回收物,4411.9
2026-03,朝阳街道,金桥公寓,厨余袋混入塑料瓶/塑料袋,1222.4
2026-03,朝阳街道,金桥公寓,厨余袋混入纸巾渣土等其他垃圾,421.6
2026-03,朝阳街道,金桥公寓,厨余袋混入玻璃纸盒等可回收物,1510.3
2026-03,朝阳街道,金桥公寓,可回收物桶混入厨余残渣污染,627.7
2026-03,朝阳街道,金桥公寓,其他垃圾桶混入废电池灯管等有害垃圾,90.3
2026-03,朝阳街道,金桥公寓,其他垃圾桶混入纸箱金属等可回收物,1984.5
2026-04,朝阳街道,金桥公寓,厨余袋混入塑料瓶/塑料袋,438.1
2026-04,朝阳街道,金桥公寓,厨余袋混入纸巾渣土等其他垃圾,726.3
2026-04,朝阳街道,金桥公寓,厨余袋混入玻璃纸盒等可回收物,766.7
2026-04,朝阳街道,金桥公寓,可回收物桶混入厨余残渣污染,102.6
2026-04,朝阳街道,金桥公寓,其他垃圾桶混入废电池灯管等有害垃圾,1790.2
2026-04,朝阳街道,金桥公寓,其他垃圾桶混入纸箱金属等可回收物,1441.5
2026-05,朝阳街道,金桥公寓,厨余袋混入塑料瓶/塑料袋,411.2
2026-05,朝阳街道,金桥公寓,厨余袋混入纸巾渣土等其他垃圾,673.8
2026-05,朝阳街道,金桥公寓,厨余袋混入玻璃纸盒等可回收物,228.0
2026-05,朝阳街道,金桥公寓,可回收物桶混入厨余残渣污染,3239.4
2026-05,朝阳街道,金桥公寓,其他垃圾桶混入废电池灯管等有害垃圾,313.4
2026-05,朝阳街道,金桥公寓,其他垃圾桶混入纸箱金属等可回收物,221.8
2026-06,朝阳街道,金桥公寓,厨余袋混入塑料瓶/塑料袋,2961.8
2026-06,朝阳街道,金桥公寓,厨余袋混入纸巾渣土等其他垃圾,240.7
2026-06,朝阳街道,金桥公寓,厨余袋混入玻璃纸盒等可回收物,452.3
2026-06,朝阳街道,金桥公寓,可回收物桶混入厨余残渣污染,38.8
2026-06,朝阳街道,金桥公寓,其他垃圾桶混入废电池灯管等有害垃圾,467.5
2026-06,朝阳街道,金桥公寓,其他垃圾桶混入纸箱金属等可回收物,441.6
2026-07,朝阳街道,金桥公寓,厨余袋混入塑料瓶/塑料袋,199.2
2026-07,朝阳街道,金桥公寓,厨余袋混入纸巾渣土等其他垃圾,542.0
2026-07,朝阳街道,金桥公寓,厨余袋混入玻璃纸盒等可回收物,51.1
2026-07,朝阳街道,金桥公寓,可回收物桶混入厨余残渣污染,2324.0
2026-07,朝阳街道,金桥公寓,其他垃圾桶混入废电池灯管等有害垃圾,109.3
2026-07,朝阳街道,金桥公寓,其他垃圾桶混入纸箱金属等可回收物,1471.8
2026-08,朝阳街道,金桥公寓,厨余袋混入塑料瓶/塑料袋,867.5
2026-08,朝阳街道,金桥公寓,厨余袋混入纸巾渣土等其他垃圾,846.8
2026-08,朝阳街道,金桥公寓,厨余袋混入玻璃纸盒等可回收物,388.1
2026-08,朝阳街道,金桥公寓,可回收物桶混入厨余残渣污染,306.7
2026-08,朝阳街道,金桥公寓,其他垃圾桶混入废电池灯管等有害垃圾,1608.0
2026-08,朝阳街道,金桥公寓,其他垃圾桶混入纸箱金属等可回收物,150.8
2026-09,朝阳街道,金桥公寓,厨余袋混入塑料瓶/塑料袋,183.0
2026-09,朝阳街道,金桥公寓,厨余袋混入纸巾渣土等其他垃圾,727.7
2026-09,朝阳街道,金桥公寓,厨余袋混入玻璃纸盒等可回收物,202.5
2026-09,朝阳街道,金桥公寓,可回收物桶混入厨余残渣污染,120.1
2026-09,朝阳街道,金桥公寓,其他垃圾桶混入废电池灯管等有害垃圾,525.4
2026-09,朝阳街道,金桥公寓,其他垃圾桶混入纸箱金属等可回收物,767.3
2026-01,朝阳街道,阳光花园,厨余袋混入塑料瓶/塑料袋,221.5
2026-01,朝阳街道,阳光花园,厨余袋混入纸巾渣土等其他垃圾,562.2
2026-01,朝阳街道,阳光花园,厨余袋混入玻璃纸盒等可回收物,249.6
2026-01,朝阳街道,阳光花园,可回收物桶混入厨余残渣污染,130.9
2026-01,朝阳街道,阳光花园,其他垃圾桶混入废电池灯管等有害垃圾,206.9
2026-01,朝阳街道,阳光花园,其他垃圾桶混入纸箱金属等可回收物,9.7
2026-02,朝阳街道,阳光花园,厨余袋混入塑料瓶/塑料袋,67.3
2026-02,朝阳街道,阳光花园,厨余袋混入纸巾渣土等其他垃圾,115.5
2026-02,朝阳街道,阳光花园,厨余袋混入玻璃纸盒等可回收物,570.4
2026-02,朝阳街道,阳光花园,可回收物桶混入厨余残渣污染,19.6
2026-02,朝阳街道,阳光花园,其他垃圾桶混入废电池灯管等有害垃圾,426.5
2026-02,朝阳街道,阳光花园,其他垃圾桶混入纸箱金属等可回收物,26.0
2026-03,朝阳街道,阳光花园,厨余袋混入塑料瓶/塑料袋,299.2
2026-03,朝阳街道,阳光花园,厨余袋混入纸巾渣土等其他垃圾,222.8
2026-03,朝阳街道,阳光花园,厨余袋混入玻璃纸盒等可回收物,499.4
2026-03,朝阳街道,阳光花园,可回收物桶混入厨余残渣污染,2.1
2026-03,朝阳街道,阳光花园,其他垃圾桶混入废电池灯管等有害垃圾,197.7
2026-03,朝阳街道,阳光花园,其他垃圾桶混入纸箱金属等可回收物,18.5
2026-04,朝阳街道,阳光花园,厨余袋混入塑料瓶/塑料袋,143.0
2026-04,朝阳街道,阳光花园,厨余袋混入纸巾渣土等其他垃圾,407.9
2026-04,朝阳街道,阳光花园,厨余袋混入玻璃纸盒等可回收物,444.5
2026-04,朝阳街道,阳光花园,可回收物桶混入厨余残渣污染,28.8
2026-04,朝阳街道,阳光花园,其他垃圾桶混入废电池灯管等有害垃圾,53.6
2026-04,朝阳街道,阳光花园,其他垃圾桶混入纸箱金属等可回收物,67.6
2026-05,朝阳街道,阳光花园,厨余袋混入塑料瓶/塑料袋,410.7
2026-05,朝阳街道,阳光花园,厨余袋混入纸巾渣土等其他垃圾,99.4
2026-05,朝阳街道,阳光花园,厨余袋混入玻璃纸盒等可回收物,187.2
2026-05,朝阳街道,阳光花园,可回收物桶混入厨余残渣污染,103.4
2026-05,朝阳街道,阳光花园,其他垃圾桶混入废电池灯管等有害垃圾,141.5
2026-05,朝阳街道,阳光花园,其他垃圾桶混入纸箱金属等可回收物,186.7
2026-06,朝阳街道,阳光花园,厨余袋混入塑料瓶/塑料袋,157.1
2026-06,朝阳街道,阳光花园,厨余袋混入纸巾渣土等其他垃圾,319.3
2026-06,朝阳街道,阳光花园,厨余袋混入玻璃纸盒等可回收物,217.9
2026-06,朝阳街道,阳光花园,可回收物桶混入厨余残渣污染,7.1
2026-06,朝阳街道,阳光花园,其他垃圾桶混入废电池灯管等有害垃圾,302.9
2026-06,朝阳街道,阳光花园,其他垃圾桶混入纸箱金属等可回收物,25.4
2026-07,朝阳街道,阳光花园,厨余袋混入塑料瓶/塑料袋,113.7
2026-07,朝阳街道,阳光花园,厨余袋混入纸巾渣土等其他垃圾,316.2
2026-07,朝阳街道,阳光花园,厨余袋混入玻璃纸盒等可回收物,51.0
2026-07,朝阳街道,阳光花园,可回收物桶混入厨余残渣污染,190.5
2026-07,朝阳街道,阳光花园,其他垃圾桶混入废电池灯管等有害垃圾,265.7
2026-07,朝阳街道,阳光花园,其他垃圾桶混入纸箱金属等可回收物,34.7
2026-08,朝阳街道,阳光花园,厨余袋混入塑料瓶/塑料袋,256.6
2026-08,朝阳街道,阳光花园,厨余袋混入纸巾渣土等其他垃圾,210.2
2026-08,朝阳街道,阳光花园,厨余袋混入玻璃纸盒等可回收物,80.0
2026-08,朝阳街道,阳光花园,可回收物桶混入厨余残渣污染,132.7
2026-08,朝阳街道,阳光花园,其他垃圾桶混入废电池灯管等有害垃圾,27.2
2026-08,朝阳街道,阳光花园,其他垃圾桶混入纸箱金属等可回收物,206.2
2026-09,朝阳街道,阳光花园,厨余袋混入塑料瓶/塑料袋,64.1
2026-09,朝阳街道,阳光花园,厨余袋混入纸巾渣土等其他垃圾,185.3
2026-09,朝阳街道,阳光花园,厨余袋混入玻璃纸盒等可回收物,54.9
2026-09,朝阳街道,阳光花园,可回收物桶混入厨余残渣污染,74.2
2026-09,朝阳街道,阳光花园,其他垃圾桶混入废电池灯管等有害垃圾,123.7
2026-09,朝阳街道,阳光花园,其他垃圾桶混入纸箱金属等可回收物,34.9
2026-01,滨江街道,春风里,厨余袋混入塑料瓶/塑料袋,307.2
2026-01,滨江街道,春风里,厨余袋混入纸巾渣土等其他垃圾,234.2
2026-01,滨江街道,春风里,厨余袋混入玻璃纸盒等可回收物,74.8
2026-01,滨江街道,春风里,可回收物桶混入厨余残渣污染,1563.8
2026-01,滨江街道,春风里,其他垃圾桶混入废电池灯管等有害垃圾,19.0
2026-01,滨江街道,春风里,其他垃圾桶混入纸箱金属等可回收物,1134.9
2026-02,滨江街道,春风里,厨余袋混入塑料瓶/塑料袋,1476.4
2026-02,滨江街道,春风里,厨余袋混入纸巾渣土等其他垃圾,130.6
2026-02,滨江街道,春风里,厨余袋混入玻璃纸盒等可回收物,355.9
2026-02,滨江街道,春风里,可回收物桶混入厨余残渣污染,237.7
2026-02,滨江街道,春风里,其他垃圾桶混入废电池灯管等有害垃圾,219.3
2026-02,滨江街道,春风里,其他垃圾桶混入纸箱金属等可回收物,447.4
2026-03,滨江街道,春风里,厨余袋混入塑料瓶/塑料袋,1533.6
2026-03,滨江街道,春风里,厨余袋混入纸巾渣土等其他垃圾,223.6
2026-03,滨江街道,春风里,厨余袋混入玻璃纸盒等可回收物,450.0
2026-03,滨江街道,春风里,可回收物桶混入厨余残渣污染,221.4
2026-03,滨江街道,春风里,其他垃圾桶混入废电池灯管等有害垃圾,143.1
2026-03,滨江街道,春风里,其他垃圾桶混入纸箱金属等可回收物,481.2
2026-04,滨江街道,春风里,厨余袋混入塑料瓶/塑料袋,481.5
2026-04,滨江街道,春风里,厨余袋混入纸巾渣土等其他垃圾,751.1
2026-04,滨江街道,春风里,厨余袋混入玻璃纸盒等可回收物,37.7
2026-04,滨江街道,春风里,可回收物桶混入厨余残渣污染,871.5
2026-04,滨江街道,春风里,其他垃圾桶混入废电池灯管等有害垃圾,313.2
2026-04,滨江街道,春风里,其他垃圾桶混入纸箱金属等可回收物,300.4
2026-05,滨江街道,春风里,厨余袋混入塑料瓶/塑料袋,144.1
2026-05,滨江街道,春风里,厨余袋混入纸巾渣土等其他垃圾,758.6
2026-05,滨江街道,春风里,厨余袋混入玻璃纸盒等可回收物,423.3
2026-05,滨江街道,春风里,可回收物桶混入厨余残渣污染,336.7
2026-05,滨江街道,春风里,其他垃圾桶混入废电池灯管等有害垃圾,320.0
2026-05,滨江街道,春风里,其他垃圾桶混入纸箱金属等可回收物,707.8
2026-06,滨江街道,春风里,厨余袋混入塑料瓶/塑料袋,417.6
2026-06,滨江街道,春风里,厨余袋混入纸巾渣土等其他垃圾,962.0
2026-06,滨江街道,春风里,厨余袋混入玻璃纸盒等可回收物,430.2
2026-06,滨江街道,春风里,可回收物桶混入厨余残渣污染,249.2
2026-06,滨江街道,春风里,其他垃圾桶混入废电池灯管等有害垃圾,164.4
2026-06,滨江街道,春风里,其他垃圾桶混入纸箱金属等可回收物,83.1
2026-07,滨江街道,春风里,厨余袋混入塑料瓶/塑料袋,84.4
2026-07,滨江街道,春风里,厨余袋混入纸巾渣土等其他垃圾,18.6
2026-07,滨江街道,春风里,厨余袋混入玻璃纸盒等可回收物,493.3
2026-07,滨江街道,春风里,可回收物桶混入厨余残渣污染,219.5
2026-07,滨江街道,春风里,其他垃圾桶混入废电池灯管等有害垃圾,366.1
2026-07,滨江街道,春风里,其他垃圾桶混入纸箱金属等可回收物,902.1
2026-08,滨江街道,春风里,厨余袋混入塑料瓶/塑料袋,437.5
2026-08,滨江街道,春风里,厨余袋混入纸巾渣土等其他垃圾,134.2
2026-08,滨江街道,春风里,厨余袋混入玻璃纸盒等可回收物,808.2
2026-08,滨江街道,春风里,可回收物桶混入厨余残渣污染,217.4
2026-08,滨江街道,春风里,其他垃圾桶混入废电池灯管等有害垃圾,98.4
2026-08,滨江街道,春风里,其他垃圾桶混入纸箱金属等可回收物,163.7
2026-09,滨江街道,春风里,厨余袋混入塑料瓶/塑料袋,282.0
2026-09,滨江街道,春风里,厨余袋混入纸巾渣土等其他垃圾,282.3
2026-09,滨江街道,春风里,厨余袋混入玻璃纸盒等可回收物,369.7
2026-09,滨江街道,春风里,可回收物桶混入厨余残渣污染,24.6
2026-09,滨江街道,春风里,其他垃圾桶混入废电池灯管等有害垃圾,15.5
2026-09,滨江街道,春风里,其他垃圾桶混入纸箱金属等可回收物,154.9
2026-01,滨江街道,望江楼小区,厨余袋混入塑料瓶/塑料袋,1128.3
2026-01,滨江街道,望江楼小区,厨余袋混入纸巾渣土等其他垃圾,1516.5
2026-01,滨江街道,望江楼小区,厨余袋混入玻璃纸盒等可回收物,1101.1
2026-01,滨江街道,望江楼小区,可回收物桶混入厨余残渣污染,435.2
2026-01,滨江街道,望江楼小区,其他垃圾桶混入废电池灯管等有害垃圾,1179.3
2026-01,滨江街道,望江楼小区,其他垃圾桶混入纸箱金属等可回收物,527.3
2026-02,滨江街道,望江楼小区,厨余袋混入塑料瓶/塑料袋,1342.0
2026-02,滨江街道,望江楼小区,厨余袋混入纸巾渣土等其他垃圾,897.0
2026-02,滨江街道,望江楼小区,厨余袋混入玻璃纸盒等可回收物,129.7
2026-02,滨江街道,望江楼小区,可回收物桶混入厨余残渣污染,47.2
2026-02,滨江街道,望江楼小区,其他垃圾桶混入废电池灯管等有害垃圾,725.7
2026-02,滨江街道,望江楼小区,其他垃圾桶混入纸箱金属等可回收物,1826.3
2026-03,滨江街道,望江楼小区,厨余袋混入塑料瓶/塑料袋,709.1
2026-03,滨江街道,望江楼小区,厨余袋混入纸巾渣土等其他垃圾,1969.1
2026-03,滨江街道,望江楼小区,厨余袋混入玻璃纸盒等可回收物,1703.4
2026-03,滨江街道,望江楼小区,可回收物桶混入厨余残渣污染,310.5
2026-03,滨江街道,望江楼小区,其他垃圾桶混入废电池灯管等有害垃圾,30.3
2026-03,滨江街道,望江楼小区,其他垃圾桶混入纸箱金属等可回收物,554.0
2026-04,滨江街道,望江楼小区,厨余袋混入塑料瓶/塑料袋,477.5
2026-04,滨江街道,望江楼小区,厨余袋混入纸巾渣土等其他垃圾,1689.7
2026-04,滨江街道,望江楼小区,厨余袋混入玻璃纸盒等可回收物,575.3
2026-04,滨江街道,望江楼小区,可回收物桶混入厨余残渣污染,20.3
2026-04,滨江街道,望江楼小区,其他垃圾桶混入废电池灯管等有害垃圾,747.6
2026-04,滨江街道,望江楼小区,其他垃圾桶混入纸箱金属等可回收物,1490.8
2026-05,滨江街道,望江楼小区,厨余袋混入塑料瓶/塑料袋,970.9
2026-05,滨江街道,望江楼小区,厨余袋混入纸巾渣土等其他垃圾,493.6
2026-05,滨江街道,望江楼小区,厨余袋混入玻璃纸盒等可回收物,582.8
2026-05,滨江街道,望江楼小区,可回收物桶混入厨余残渣污染,1570.3
2026-05,滨江街道,望江楼小区,其他垃圾桶混入废电池灯管等有害垃圾,1197.2
2026-05,滨江街道,望江楼小区,其他垃圾桶混入纸箱金属等可回收物,136.6
2026-06,滨江街道,望江楼小区,厨余袋混入塑料瓶/塑料袋,1385.4
2026-06,滨江街道,望江楼小区,厨余袋混入纸巾渣土等其他垃圾,390.0
2026-06,滨江街道,望江楼小区,厨余袋混入玻璃纸盒等可回收物,301.9
2026-06,滨江街道,望江楼小区,可回收物桶混入厨余残渣污染,1608.3
2026-06,滨江街道,望江楼小区,其他垃圾桶混入废电池灯管等有害垃圾,650.4
2026-06,滨江街道,望江楼小区,其他垃圾桶混入纸箱金属等可回收物,286.6
2026-07,滨江街道,望江楼小区,厨余袋混入塑料瓶/塑料袋,1018.8
2026-07,滨江街道,望江楼小区,厨余袋混入纸巾渣土等其他垃圾,1672.4
2026-07,滨江街道,望江楼小区,厨余袋混入玻璃纸盒等可回收物,286.5
2026-07,滨江街道,望江楼小区,可回收物桶混入厨余残渣污染,650.3
2026-07,滨江街道,望江楼小区,其他垃圾桶混入废电池灯管等有害垃圾,324.3
2026-07,滨江街道,望江楼小区,其他垃圾桶混入纸箱金属等可回收物,531.1
2026-08,滨江街道,望江楼小区,厨余袋混入塑料瓶/塑料袋,2282.4
2026-08,滨江街道,望江楼小区,厨余袋混入纸巾渣土等其他垃圾,847.0
2026-08,滨江街道,望江楼小区,厨余袋混入玻璃纸盒等可回收物,710.9
2026-08,滨江街道,望江楼小区,可回收物桶混入厨余残渣污染,449.2
2026-08,滨江街道,望江楼小区,其他垃圾桶混入废电池灯管等有害垃圾,54.7
2026-08,滨江街道,望江楼小区,其他垃圾桶混入纸箱金属等可回收物,182.8
2026-09,滨江街道,望江楼小区,厨余袋混入塑料瓶/塑料袋,782.2
2026-09,滨江街道,望江楼小区,厨余袋混入纸巾渣土等其他垃圾,626.8
2026-09,滨江街道,望江楼小区,厨余袋混入玻璃纸盒等可回收物,158.1
2026-09,滨江街道,望江楼小区,可回收物桶混入厨余残渣污染,49.9
2026-09,滨江街道,望江楼小区,其他垃圾桶混入废电池灯管等有害垃圾,12.7
2026-09,滨江街道,望江楼小区,其他垃圾桶混入纸箱金属等可回收物,932.4
2026-01,滨江街道,江枫社区,厨余袋混入塑料瓶/塑料袋,28.4
2026-01,滨江街道,江枫社区,厨余袋混入纸巾渣土等其他垃圾,288.1
2026-01,滨江街道,江枫社区,厨余袋混入玻璃纸盒等可回收物,260.2
2026-01,滨江街道,江枫社区,可回收物桶混入厨余残渣污染,67.0
2026-01,滨江街道,江枫社区,其他垃圾桶混入废电池灯管等有害垃圾,144.0
2026-01,滨江街道,江枫社区,其他垃圾桶混入纸箱金属等可回收物,784.3
2026-02,滨江街道,江枫社区,厨余袋混入塑料瓶/塑料袋,121.8
2026-02,滨江街道,江枫社区,厨余袋混入纸巾渣土等其他垃圾,558.3
2026-02,滨江街道,江枫社区,厨余袋混入玻璃纸盒等可回收物,259.5
2026-02,滨江街道,江枫社区,可回收物桶混入厨余残渣污染,376.0
2026-02,滨江街道,江枫社区,其他垃圾桶混入废电池灯管等有害垃圾,158.6
2026-02,滨江街道,江枫社区,其他垃圾桶混入纸箱金属等可回收物,40.8
2026-03,滨江街道,江枫社区,厨余袋混入塑料瓶/塑料袋,224.4
2026-03,滨江街道,江枫社区,厨余袋混入纸巾渣土等其他垃圾,931.1
2026-03,滨江街道,江枫社区,厨余袋混入玻璃纸盒等可回收物,154.7
2026-03,滨江街道,江枫社区,可回收物桶混入厨余残渣污染,71.6
2026-03,滨江街道,江枫社区,其他垃圾桶混入废电池灯管等有害垃圾,172.9
2026-03,滨江街道,江枫社区,其他垃圾桶混入纸箱金属等可回收物,225.2
2026-04,滨江街道,江枫社区,厨余袋混入塑料瓶/塑料袋,114.9
2026-04,滨江街道,江枫社区,厨余袋混入纸巾渣土等其他垃圾,982.1
2026-04,滨江街道,江枫社区,厨余袋混入玻璃纸盒等可回收物,58.4
2026-04,滨江街道,江枫社区,可回收物桶混入厨余残渣污染,315.9
2026-04,滨江街道,江枫社区,其他垃圾桶混入废电池灯管等有害垃圾,412.2
2026-04,滨江街道,江枫社区,其他垃圾桶混入纸箱金属等可回收物,149.9
2026-05,滨江街道,江枫社区,厨余袋混入塑料瓶/塑料袋,72.1
2026-05,滨江街道,江枫社区,厨余袋混入纸巾渣土等其他垃圾,685.8
2026-05,滨江街道,江枫社区,厨余袋混入玻璃纸盒等可回收物,13.0
2026-05,滨江街道,江枫社区,可回收物桶混入厨余残渣污染,1339.8
2026-05,滨江街道,江枫社区,其他垃圾桶混入废电池灯管等有害垃圾,103.7
2026-05,滨江街道,江枫社区,其他垃圾桶混入纸箱金属等可回收物,81.4
2026-06,滨江街道,江枫社区,厨余袋混入塑料瓶/塑料袋,197.0
2026-06,滨江街道,江枫社区,厨余袋混入纸巾渣土等其他垃圾,1303.3
2026-06,滨江街道,江枫社区,厨余袋混入玻璃纸盒等可回收物,144.9
2026-06,滨江街道,江枫社区,可回收物桶混入厨余残渣污染,50.5
2026-06,滨江街道,江枫社区,其他垃圾桶混入废电池灯管等有害垃圾,246.9
2026-06,滨江街道,江枫社区,其他垃圾桶混入纸箱金属等可回收物,342.6
2026-07,滨江街道,江枫社区,厨余袋混入塑料瓶/塑料袋,399.2
2026-07,滨江街道,江枫社区,厨余袋混入纸巾渣土等其他垃圾,895.5
2026-07,滨江街道,江枫社区,厨余袋混入玻璃纸盒等可回收物,155.8
2026-07,滨江街道,江枫社区,可回收物桶混入厨余残渣污染,571.2
2026-07,滨江街道,江枫社区,其他垃圾桶混入废电池灯管等有害垃圾,404.6
2026-07,滨江街道,江枫社区,其他垃圾桶混入纸箱金属等可回收物,136.8
2026-08,滨江街道,江枫社区,厨余袋混入塑料瓶/塑料袋,47.9
2026-08,滨江街道,江枫社区,厨余袋混入纸巾渣土等其他垃圾,803.0
2026-08,滨江街道,江枫社区,厨余袋混入玻璃纸盒等可回收物,59.3
2026-08,滨江街道,江枫社区,可回收物桶混入厨余残渣污染,761.3
2026-08,滨江街道,江枫社区,其他垃圾桶混入废电池灯管等有害垃圾,787.7
2026-08,滨江街道,江枫社区,其他垃圾桶混入纸箱金属等可回收物,288.5
2026-09,滨江街道,江枫社区,厨余袋混入塑料瓶/塑料袋,110.2
2026-09,滨江街道,江枫社区,厨余袋混入纸巾渣土等其他垃圾,782.2
2026-09,滨江街道,江枫社区,厨余袋混入玻璃纸盒等可回收物,75.6
2026-09,滨江街道,江枫社区,可回收物桶混入厨余残渣污染,285.0
2026-09,滨江街道,江枫社区,其他垃圾桶混入废电池灯管等有害垃圾,90.9
2026-09,滨江街道,江枫社区,其他垃圾桶混入纸箱金属等可回收物,353.6
2026-01,滨江街道,江畔人家,厨余袋混入塑料瓶/塑料袋,521.1
2026-01,滨江街道,江畔人家,厨余袋混入纸巾渣土等其他垃圾,1922.1
2026-01,滨江街道,江畔人家,厨余袋混入玻璃纸盒等可回收物,82.5
2026-01,滨江街道,江畔人家,可回收物桶混入厨余残渣污染,122.3
2026-01,滨江街道,江畔人家,其他垃圾桶混入废电池灯管等有害垃圾,151.6
2026-01,滨江街道,江畔人家,其他垃圾桶混入纸箱金属等可回收物,997.2
2026-02,滨江街道,江畔人家,厨余袋混入塑料瓶/塑料袋,1466.2
2026-02,滨江街道,江畔人家,厨余袋混入纸巾渣土等其他垃圾,484.7
2026-02,滨江街道,江畔人家,厨余袋混入玻璃纸盒等可回收物,92.0
2026-02,滨江街道,江畔人家,可回收物桶混入厨余残渣污染,413.5
2026-02,滨江街道,江畔人家,其他垃圾桶混入废电池灯管等有害垃圾,709.5
2026-02,滨江街道,江畔人家,其他垃圾桶混入纸箱金属等可回收物,168.2
2026-03,滨江街道,江畔人家,厨余袋混入塑料瓶/塑料袋,738.9
2026-03,滨江街道,江畔人家,厨余袋混入纸巾渣土等其他垃圾,1425.5
2026-03,滨江街道,江畔人家,厨余袋混入玻璃纸盒等可回收物,242.4
2026-03,滨江街道,江畔人家,可回收物桶混入厨余残渣污染,116.3
2026-03,滨江街道,江畔人家,其他垃圾桶混入废电池灯管等有害垃圾,8.8
2026-03,滨江街道,江畔人家,其他垃圾桶混入纸箱金属等可回收物,958.7
2026-04,滨江街道,江畔人家,厨余袋混入塑料瓶/塑料袋,1235.7
2026-04,滨江街道,江畔人家,厨余袋混入纸巾渣土等其他垃圾,366.2
2026-04,滨江街道,江畔人家,厨余袋混入玻璃纸盒等可回收物,759.2
2026-04,滨江街道,江畔人家,可回收物桶混入厨余残渣污染,214.4
2026-04,滨江街道,江畔人家,其他垃圾桶混入废电池灯管等有害垃圾,417.8
2026-04,滨江街道,江畔人家,其他垃圾桶混入纸箱金属等可回收物,231.7
2026-05,滨江街道,江畔人家,厨余袋混入塑料瓶/塑料袋,549.5
2026-05,滨江街道,江畔人家,厨余袋混入纸巾渣土等其他垃圾,753.8
2026-05,滨江街道,江畔人家,厨余袋混入玻璃纸盒等可回收物,1296.3
2026-05,滨江街道,江畔人家,可回收物桶混入厨余残渣污染,54.4
2026-05,滨江街道,江畔人家,其他垃圾桶混入废电池灯管等有害垃圾,7.1
2026-05,滨江街道,江畔人家,其他垃圾桶混入纸箱金属等可回收物,281.7
2026-06,滨江街道,江畔人家,厨余袋混入塑料瓶/塑料袋,735.4
2026-06,滨江街道,江畔人家,厨余袋混入纸巾渣土等其他垃圾,382.1
2026-06,滨江街道,江畔人家,厨余袋混入玻璃纸盒等可回收物,868.8
2026-06,滨江街道,江畔人家,可回收物桶混入厨余残渣污染,372.3
2026-06,滨江街道,江畔人家,其他垃圾桶混入废电池灯管等有害垃圾,46.0
2026-06,滨江街道,江畔人家,其他垃圾桶混入纸箱金属等可回收物,355.6
2026-07,滨江街道,江畔人家,厨余袋混入塑料瓶/塑料袋,1144.1
2026-07,滨江街道,江畔人家,厨余袋混入纸巾渣土等其他垃圾,635.7
2026-07,滨江街道,江畔人家,厨余袋混入玻璃纸盒等可回收物,333.9
2026-07,滨江街道,江畔人家,可回收物桶混入厨余残渣污染,11.8
2026-07,滨江街道,江畔人家,其他垃圾桶混入废电池灯管等有害垃圾,54.7
2026-07,滨江街道,江畔人家,其他垃圾桶混入纸箱金属等可回收物,413.4
2026-08,滨江街道,江畔人家,厨余袋混入塑料瓶/塑料袋,691.4
2026-08,滨江街道,江畔人家,厨余袋混入纸巾渣土等其他垃圾,751.5
2026-08,滨江街道,江畔人家,厨余袋混入玻璃纸盒等可回收物,467.9
2026-08,滨江街道,江畔人家,可回收物桶混入厨余残渣污染,143.9
2026-08,滨江街道,江畔人家,其他垃圾桶混入废电池灯管等有害垃圾,26.8
2026-08,滨江街道,江畔人家,其他垃圾桶混入纸箱金属等可回收物,238.7
2026-09,滨江街道,江畔人家,厨余袋混入塑料瓶/塑料袋,223.2
2026-09,滨江街道,江畔人家,厨余袋混入纸巾渣土等其他垃圾,6.4
2026-09,滨江街道,江畔人家,厨余袋混入玻璃纸盒等可回收物,274.2
2026-09,滨江街道,江畔人家,可回收物桶混入厨余残渣污染,552.6
2026-09,滨江街道,江畔人家,其他垃圾桶混入废电池灯管等有害垃圾,135.7
2026-09,滨江街道,江畔人家,其他垃圾桶混入纸箱金属等可回收物,141.2
2026-01,滨江街道,滨水雅苑,厨余袋混入塑料瓶/塑料袋,770.8
2026-01,滨江街道,滨水雅苑,厨余袋混入纸巾渣土等其他垃圾,791.8
2026-01,滨江街道,滨水雅苑,厨余袋混入玻璃纸盒等可回收物,181.0
2026-01,滨江街道,滨水雅苑,可回收物桶混入厨余残渣污染,9.7
2026-01,滨江街道,滨水雅苑,其他垃圾桶混入废电池灯管等有害垃圾,191.8
2026-01,滨江街道,滨水雅苑,其他垃圾桶混入纸箱金属等可回收物,322.1
2026-02,滨江街道,滨水雅苑,厨余袋混入塑料瓶/塑料袋,1070.3
2026-02,滨江街道,滨水雅苑,厨余袋混入纸巾渣土等其他垃圾,157.9
2026-02,滨江街道,滨水雅苑,厨余袋混入玻璃纸盒等可回收物,315.6
2026-02,滨江街道,滨水雅苑,可回收物桶混入厨余残渣污染,146.9
2026-02,滨江街道,滨水雅苑,其他垃圾桶混入废电池灯管等有害垃圾,272.7
2026-02,滨江街道,滨水雅苑,其他垃圾桶混入纸箱金属等可回收物,49.7
2026-03,滨江街道,滨水雅苑,厨余袋混入塑料瓶/塑料袋,845.1
2026-03,滨江街道,滨水雅苑,厨余袋混入纸巾渣土等其他垃圾,716.2
2026-03,滨江街道,滨水雅苑,厨余袋混入玻璃纸盒等可回收物,193.5
2026-03,滨江街道,滨水雅苑,可回收物桶混入厨余残渣污染,156.9
2026-03,滨江街道,滨水雅苑,其他垃圾桶混入废电池灯管等有害垃圾,195.7
2026-03,滨江街道,滨水雅苑,其他垃圾桶混入纸箱金属等可回收物,78.1
2026-04,滨江街道,滨水雅苑,厨余袋混入塑料瓶/塑料袋,710.9
2026-04,滨江街道,滨水雅苑,厨余袋混入纸巾渣土等其他垃圾,298.2
2026-04,滨江街道,滨水雅苑,厨余袋混入玻璃纸盒等可回收物,798.0
2026-04,滨江街道,滨水雅苑,可回收物桶混入厨余残渣污染,19.2
2026-04,滨江街道,滨水雅苑,其他垃圾桶混入废电池灯管等有害垃圾,156.9
2026-04,滨江街道,滨水雅苑,其他垃圾桶混入纸箱金属等可回收物,0.0
2026-05,滨江街道,滨水雅苑,厨余袋混入塑料瓶/塑料袋,1079.7
2026-05,滨江街道,滨水雅苑,厨余袋混入纸巾渣土等其他垃圾,596.7
2026-05,滨江街道,滨水雅苑,厨余袋混入玻璃纸盒等可回收物,111.0
2026-05,滨江街道,滨水雅苑,可回收物桶混入厨余残渣污染,181.4
2026-05,滨江街道,滨水雅苑,其他垃圾桶混入废电池灯管等有害垃圾,65.7
2026-05,滨江街道,滨水雅苑,其他垃圾桶混入纸箱金属等可回收物,17.2
2026-06,滨江街道,滨水雅苑,厨余袋混入塑料瓶/塑料袋,454.8
2026-06,滨江街道,滨水雅苑,厨余袋混入纸巾渣土等其他垃圾,293.8
2026-06,滨江街道,滨水雅苑,厨余袋混入玻璃纸盒等可回收物,642.9
2026-06,滨江街道,滨水雅苑,可回收物桶混入厨余残渣污染,139.6
2026-06,滨江街道,滨水雅苑,其他垃圾桶混入废电池灯管等有害垃圾,216.4
2026-06,滨江街道,滨水雅苑,其他垃圾桶混入纸箱金属等可回收物,148.1
2026-07,滨江街道,滨水雅苑,厨余袋混入塑料瓶/塑料袋,851.7
2026-07,滨江街道,滨水雅苑,厨余袋混入纸巾渣土等其他垃圾,389.7
2026-07,滨江街道,滨水雅苑,厨余袋混入玻璃纸盒等可回收物,98.9
2026-07,滨江街道,滨水雅苑,可回收物桶混入厨余残渣污染,94.8
2026-07,滨江街道,滨水雅苑,其他垃圾桶混入废电池灯管等有害垃圾,68.6
2026-07,滨江街道,滨水雅苑,其他垃圾桶混入纸箱金属等可回收物,407.8
2026-08,滨江街道,滨水雅苑,厨余袋混入塑料瓶/塑料袋,696.4
2026-08,滨江街道,滨水雅苑,厨余袋混入纸巾渣土等其他垃圾,419.2
2026-08,滨江街道,滨水雅苑,厨余袋混入玻璃纸盒等可回收物,121.4
2026-08,滨江街道,滨水雅苑,可回收物桶混入厨余残渣污染,275.4
2026-08,滨江街道,滨水雅苑,其他垃圾桶混入废电池灯管等有害垃圾,67.6
2026-08,滨江街道,滨水雅苑,其他垃圾桶混入纸箱金属等可回收物,317.8
2026-09,滨江街道,滨水雅苑,厨余袋混入塑料瓶/塑料袋,467.4
2026-09,滨江街道,滨水雅苑,厨余袋混入纸巾渣土等其他垃圾,475.7
2026-09,滨江街道,滨水雅苑,厨余袋混入玻璃纸盒等可回收物,52.9
2026-09,滨江街道,滨水雅苑,可回收物桶混入厨余残渣污染,23.7
2026-09,滨江街道,滨水雅苑,其他垃圾桶混入废电池灯管等有害垃圾,72.0
2026-09,滨江街道,滨水雅苑,其他垃圾桶混入纸箱金属等可回收物,6.7
2026-01,老城街道,和平新村,厨余袋混入塑料瓶/塑料袋,1054.9
2026-01,老城街道,和平新村,厨余袋混入纸巾渣土等其他垃圾,1544.7
2026-01,老城街道,和平新村,厨余袋混入玻璃纸盒等可回收物,1351.7
2026-01,老城街道,和平新村,可回收物桶混入厨余残渣污染,387.2
2026-01,老城街道,和平新村,其他垃圾桶混入废电池灯管等有害垃圾,1594.2
2026-01,老城街道,和平新村,其他垃圾桶混入纸箱金属等可回收物,2960.6
2026-02,老城街道,和平新村,厨余袋混入塑料瓶/塑料袋,2328.3
2026-02,老城街道,和平新村,厨余袋混入纸巾渣土等其他垃圾,1389.1
2026-02,老城街道,和平新村,厨余袋混入玻璃纸盒等可回收物,838.0
2026-02,老城街道,和平新村,可回收物桶混入厨余残渣污染,803.5
2026-02,老城街道,和平新村,其他垃圾桶混入废电池灯管等有害垃圾,1740.7
2026-02,老城街道,和平新村,其他垃圾桶混入纸箱金属等可回收物,1069.5
2026-03,老城街道,和平新村,厨余袋混入塑料瓶/塑料袋,667.6
2026-03,老城街道,和平新村,厨余袋混入纸巾渣土等其他垃圾,3893.2
2026-03,老城街道,和平新村,厨余袋混入玻璃纸盒等可回收物,684.2
2026-03,老城街道,和平新村,可回收物桶混入厨余残渣污染,374.2
2026-03,老城街道,和平新村,其他垃圾桶混入废电池灯管等有害垃圾,63.3
2026-03,老城街道,和平新村,其他垃圾桶混入纸箱金属等可回收物,3173.5
2026-04,老城街道,和平新村,厨余袋混入塑料瓶/塑料袋,1308.7
2026-04,老城街道,和平新村,厨余袋混入纸巾渣土等其他垃圾,1134.7
2026-04,老城街道,和平新村,厨余袋混入玻璃纸盒等可回收物,2537.4
2026-04,老城街道,和平新村,可回收物桶混入厨余残渣污染,1838.7
2026-04,老城街道,和平新村,其他垃圾桶混入废电池灯管等有害垃圾,1711.1
2026-04,老城街道,和平新村,其他垃圾桶混入纸箱金属等可回收物,65.8
2026-05,老城街道,和平新村,厨余袋混入塑料瓶/塑料袋,1498.5
2026-05,老城街道,和平新村,厨余袋混入纸巾渣土等其他垃圾,3387.0
2026-05,老城街道,和平新村,厨余袋混入玻璃纸盒等可回收物,875.6
2026-05,老城街道,和平新村,可回收物桶混入厨余残渣污染,267.8
2026-05,老城街道,和平新村,其他垃圾桶混入废电池灯管等有害垃圾,2550.1
2026-05,老城街道,和平新村,其他垃圾桶混入纸箱金属等可回收物,190.0
2026-06,老城街道,和平新村,厨余袋混入塑料瓶/塑料袋,1695.2
2026-06,老城街道,和平新村,厨余袋混入纸巾渣土等其他垃圾,1299.6
2026-06,老城街道,和平新村,厨余袋混入玻璃纸盒等可回收物,99.9
2026-06,老城街道,和平新村,可回收物桶混入厨余残渣污染,2678.5
2026-06,老城街道,和平新村,其他垃圾桶混入废电池灯管等有害垃圾,1800.3
2026-06,老城街道,和平新村,其他垃圾桶混入纸箱金属等可回收物,896.2
2026-07,老城街道,和平新村,厨余袋混入塑料瓶/塑料袋,5327.5
2026-07,老城街道,和平新村,厨余袋混入纸巾渣土等其他垃圾,167.1
2026-07,老城街道,和平新村,厨余袋混入玻璃纸盒等可回收物,43.0
2026-07,老城街道,和平新村,可回收物桶混入厨余残渣污染,1641.1
2026-07,老城街道,和平新村,其他垃圾桶混入废电池灯管等有害垃圾,296.1
2026-07,老城街道,和平新村,其他垃圾桶混入纸箱金属等可回收物,1434.5
2026-08,老城街道,和平新村,厨余袋混入塑料瓶/塑料袋,2899.6
2026-08,老城街道,和平新村,厨余袋混入纸巾渣土等其他垃圾,205.6
2026-08,老城街道,和平新村,厨余袋混入玻璃纸盒等可回收物,2255.7
2026-08,老城街道,和平新村,可回收物桶混入厨余残渣污染,206.2
2026-08,老城街道,和平新村,其他垃圾桶混入废电池灯管等有害垃圾,423.5
2026-08,老城街道,和平新村,其他垃圾桶混入纸箱金属等可回收物,2858.7
2026-09,老城街道,和平新村,厨余袋混入塑料瓶/塑料袋,1952.9
2026-09,老城街道,和平新村,厨余袋混入纸巾渣土等其他垃圾,383.6
2026-09,老城街道,和平新村,厨余袋混入玻璃纸盒等可回收物,1227.6
2026-09,老城街道,和平新村,可回收物桶混入厨余残渣污染,555.2
2026-09,老城街道,和平新村,其他垃圾桶混入废电池灯管等有害垃圾,447.0
2026-09,老城街道,和平新村,其他垃圾桶混入纸箱金属等可回收物,830.6
2026-01,老城街道,永宁里,厨余袋混入塑料瓶/塑料袋,761.3
2026-01,老城街道,永宁里,厨余袋混入纸巾渣土等其他垃圾,283.2
2026-01,老城街道,永宁里,厨余袋混入玻璃纸盒等可回收物,109.3
2026-01,老城街道,永宁里,可回收物桶混入厨余残渣污染,274.7
2026-01,老城街道,永宁里,其他垃圾桶混入废电池灯管等有害垃圾,141.0
2026-01,老城街道,永宁里,其他垃圾桶混入纸箱金属等可回收物,353.1
2026-02,老城街道,永宁里,厨余袋混入塑料瓶/塑料袋,750.6
2026-02,老城街道,永宁里,厨余袋混入纸巾渣土等其他垃圾,570.9
2026-02,老城街道,永宁里,厨余袋混入玻璃纸盒等可回收物,93.4
2026-02,老城街道,永宁里,可回收物桶混入厨余残渣污染,461.8
2026-02,老城街道,永宁里,其他垃圾桶混入废电池灯管等有害垃圾,44.8
2026-02,老城街道,永宁里,其他垃圾桶混入纸箱金属等可回收物,129.5
2026-03,老城街道,永宁里,厨余袋混入塑料瓶/塑料袋,172.8
2026-03,老城街道,永宁里,厨余袋混入纸巾渣土等其他垃圾,1369.3
2026-03,老城街道,永宁里,厨余袋混入玻璃纸盒等可回收物,44.4
2026-03,老城街道,永宁里,可回收物桶混入厨余残渣污染,417.4
2026-03,老城街道,永宁里,其他垃圾桶混入废电池灯管等有害垃圾,221.2
2026-03,老城街道,永宁里,其他垃圾桶混入纸箱金属等可回收物,219.6
2026-04,老城街道,永宁里,厨余袋混入塑料瓶/塑料袋,1096.7
2026-04,老城街道,永宁里,厨余袋混入纸巾渣土等其他垃圾,357.3
2026-04,老城街道,永宁里,厨余袋混入玻璃纸盒等可回收物,203.0
2026-04,老城街道,永宁里,可回收物桶混入厨余残渣污染,568.9
2026-04,老城街道,永宁里,其他垃圾桶混入废电池灯管等有害垃圾,241.3
2026-04,老城街道,永宁里,其他垃圾桶混入纸箱金属等可回收物,15.1
2026-05,老城街道,永宁里,厨余袋混入塑料瓶/塑料袋,510.7
2026-05,老城街道,永宁里,厨余袋混入纸巾渣土等其他垃圾,213.5
2026-05,老城街道,永宁里,厨余袋混入玻璃纸盒等可回收物,221.6
2026-05,老城街道,永宁里,可回收物桶混入厨余残渣污染,606.7
2026-05,老城街道,永宁里,其他垃圾桶混入废电池灯管等有害垃圾,629.9
2026-05,老城街道,永宁里,其他垃圾桶混入纸箱金属等可回收物,690.5
2026-06,老城街道,永宁里,厨余袋混入塑料瓶/塑料袋,528.4
2026-06,老城街道,永宁里,厨余袋混入纸巾渣土等其他垃圾,870.3
2026-06,老城街道,永宁里,厨余袋混入玻璃纸盒等可回收物,803.5
2026-06,老城街道,永宁里,可回收物桶混入厨余残渣污染,531.2
2026-06,老城街道,永宁里,其他垃圾桶混入废电池灯管等有害垃圾,184.4
2026-06,老城街道,永宁里,其他垃圾桶混入纸箱金属等可回收物,7.9
2026-07,老城街道,永宁里,厨余袋混入塑料瓶/塑料袋,824.2
2026-07,老城街道,永宁里,厨余袋混入纸巾渣土等其他垃圾,775.7
2026-07,老城街道,永宁里,厨余袋混入玻璃纸盒等可回收物,334.8
2026-07,老城街道,永宁里,可回收物桶混入厨余残渣污染,1183.9
2026-07,老城街道,永宁里,其他垃圾桶混入废电池灯管等有害垃圾,26.2
2026-07,老城街道,永宁里,其他垃圾桶混入纸箱金属等可回收物,51.4
2026-08,老城街道,永宁里,厨余袋混入塑料瓶/塑料袋,449.9
2026-08,老城街道,永宁里,厨余袋混入纸巾渣土等其他垃圾,924.7
2026-08,老城街道,永宁里,厨余袋混入玻璃纸盒等可回收物,1135.8
2026-08,老城街道,永宁里,可回收物桶混入厨余残渣污染,168.8
2026-08,老城街道,永宁里,其他垃圾桶混入废电池灯管等有害垃圾,46.0
2026-08,老城街道,永宁里,其他垃圾桶混入纸箱金属等可回收物,708.1
2026-09,老城街道,永宁里,厨余袋混入塑料瓶/塑料袋,1078.8
2026-09,老城街道,永宁里,厨余袋混入纸巾渣土等其他垃圾,120.1
2026-09,老城街道,永宁里,厨余袋混入玻璃纸盒等可回收物,49.8
2026-09,老城街道,永宁里,可回收物桶混入厨余残渣污染,500.8
2026-09,老城街道,永宁里,其他垃圾桶混入废电池灯管等有害垃圾,22.2
2026-09,老城街道,永宁里,其他垃圾桶混入纸箱金属等可回收物,505.5
2026-01,老城街道,长安巷社区,厨余袋混入塑料瓶/塑料袋,2621.7
2026-01,老城街道,长安巷社区,厨余袋混入纸巾渣土等其他垃圾,838.5
2026-01,老城街道,长安巷社区,厨余袋混入玻璃纸盒等可回收物,836.8
2026-01,老城街道,长安巷社区,可回收物桶混入厨余残渣污染,1751.6
2026-01,老城街道,长安巷社区,其他垃圾桶混入废电池灯管等有害垃圾,2439.8
2026-01,老城街道,长安巷社区,其他垃圾桶混入纸箱金属等可回收物,78.4
2026-02,老城街道,长安巷社区,厨余袋混入塑料瓶/塑料袋,757.1
2026-02,老城街道,长安巷社区,厨余袋混入纸巾渣土等其他垃圾,617.0
2026-02,老城街道,长安巷社区,厨余袋混入玻璃纸盒等可回收物,2657.1
2026-02,老城街道,长安巷社区,可回收物桶混入厨余残渣污染,601.8
2026-02,老城街道,长安巷社区,其他垃圾桶混入废电池灯管等有害垃圾,613.0
2026-02,老城街道,长安巷社区,其他垃圾桶混入纸箱金属等可回收物,2798.4
2026-03,老城街道,长安巷社区,厨余袋混入塑料瓶/塑料袋,5507.3
2026-03,老城街道,长安巷社区,厨余袋混入纸巾渣土等其他垃圾,381.4
2026-03,老城街道,长安巷社区,厨余袋混入玻璃纸盒等可回收物,225.0
2026-03,老城街道,长安巷社区,可回收物桶混入厨余残渣污染,1199.9
2026-03,老城街道,长安巷社区,其他垃圾桶混入废电池灯管等有害垃圾,1071.7
2026-03,老城街道,长安巷社区,其他垃圾桶混入纸箱金属等可回收物,544.0
2026-04,老城街道,长安巷社区,厨余袋混入塑料瓶/塑料袋,2826.9
2026-04,老城街道,长安巷社区,厨余袋混入纸巾渣土等其他垃圾,1765.8
2026-04,老城街道,长安巷社区,厨余袋混入玻璃纸盒等可回收物,194.4
2026-04,老城街道,长安巷社区,可回收物桶混入厨余残渣污染,2261.1
2026-04,老城街道,长安巷社区,其他垃圾桶混入废电池灯管等有害垃圾,340.9
2026-04,老城街道,长安巷社区,其他垃圾桶混入纸箱金属等可回收物,1133.1
2026-05,老城街道,长安巷社区,厨余袋混入塑料瓶/塑料袋,4009.0
2026-05,老城街道,长安巷社区,厨余袋混入纸巾渣土等其他垃圾,848.3
2026-05,老城街道,长安巷社区,厨余袋混入玻璃纸盒等可回收物,384.6
2026-05,老城街道,长安巷社区,可回收物桶混入厨余残渣污染,2779.1
2026-05,老城街道,长安巷社区,其他垃圾桶混入废电池灯管等有害垃圾,434.5
2026-05,老城街道,长安巷社区,其他垃圾桶混入纸箱金属等可回收物,763.5
2026-06,老城街道,长安巷社区,厨余袋混入塑料瓶/塑料袋,1714.8
2026-06,老城街道,长安巷社区,厨余袋混入纸巾渣土等其他垃圾,2271.0
2026-06,老城街道,长安巷社区,厨余袋混入玻璃纸盒等可回收物,1371.5
2026-06,老城街道,长安巷社区,可回收物桶混入厨余残渣污染,996.1
2026-06,老城街道,长安巷社区,其他垃圾桶混入废电池灯管等有害垃圾,657.3
2026-06,老城街道,长安巷社区,其他垃圾桶混入纸箱金属等可回收物,1958.9
2026-07,老城街道,长安巷社区,厨余袋混入塑料瓶/塑料袋,5831.6
2026-07,老城街道,长安巷社区,厨余袋混入纸巾渣土等其他垃圾,796.9
2026-07,老城街道,长安巷社区,厨余袋混入玻璃纸盒等可回收物,466.9
2026-07,老城街道,长安巷社区,可回收物桶混入厨余残渣污染,1112.8
2026-07,老城街道,长安巷社区,其他垃圾桶混入废电池灯管等有害垃圾,151.6
2026-07,老城街道,长安巷社区,其他垃圾桶混入纸箱金属等可回收物,855.5
2026-08,老城街道,长安巷社区,厨余袋混入塑料瓶/塑料袋,6139.4
2026-08,老城街道,长安巷社区,厨余袋混入纸巾渣土等其他垃圾,862.4
2026-08,老城街道,长安巷社区,厨余袋混入玻璃纸盒等可回收物,66.0
2026-08,老城街道,长安巷社区,可回收物桶混入厨余残渣污染,389.7
2026-08,老城街道,长安巷社区,其他垃圾桶混入废电池灯管等有害垃圾,1020.7
2026-08,老城街道,长安巷社区,其他垃圾桶混入纸箱金属等可回收物,1137.3
2026-09,老城街道,长安巷社区,厨余袋混入塑料瓶/塑料袋,1672.3
2026-09,老城街道,长安巷社区,厨余袋混入纸巾渣土等其他垃圾,713.8
2026-09,老城街道,长安巷社区,厨余袋混入玻璃纸盒等可回收物,1178.8
2026-09,老城街道,长安巷社区,可回收物桶混入厨余残渣污染,1849.0
2026-09,老城街道,长安巷社区,其他垃圾桶混入废电池灯管等有害垃圾,220.2
2026-09,老城街道,长安巷社区,其他垃圾桶混入纸箱金属等可回收物,292.5
2026-01,老城街道,鼓楼小区,厨余袋混入塑料瓶/塑料袋,604.6
2026-01,老城街道,鼓楼小区,厨余袋混入纸巾渣土等其他垃圾,1403.3
2026-01,老城街道,鼓楼小区,厨余袋混入玻璃纸盒等可回收物,227.3
2026-01,老城街道,鼓楼小区,可回收物桶混入厨余残渣污染,269.9
2026-01,老城街道,鼓楼小区,其他垃圾桶混入废电池灯管等有害垃圾,367.7
2026-01,老城街道,鼓楼小区,其他垃圾桶混入纸箱金属等可回收物,94.3
2026-02,老城街道,鼓楼小区,厨余袋混入塑料瓶/塑料袋,224.5
2026-02,老城街道,鼓楼小区,厨余袋混入纸巾渣土等其他垃圾,511.3
2026-02,老城街道,鼓楼小区,厨余袋混入玻璃纸盒等可回收物,1129.2
2026-02,老城街道,鼓楼小区,可回收物桶混入厨余残渣污染,60.7
2026-02,老城街道,鼓楼小区,其他垃圾桶混入废电池灯管等有害垃圾,779.4
2026-02,老城街道,鼓楼小区,其他垃圾桶混入纸箱金属等可回收物,207.8
2026-03,老城街道,鼓楼小区,厨余袋混入塑料瓶/塑料袋,538.3
2026-03,老城街道,鼓楼小区,厨余袋混入纸巾渣土等其他垃圾,51.9
2026-03,老城街道,鼓楼小区,厨余袋混入玻璃纸盒等可回收物,679.3
2026-03,老城街道,鼓楼小区,可回收物桶混入厨余残渣污染,779.3
2026-03,老城街道,鼓楼小区,其他垃圾桶混入废电池灯管等有害垃圾,1404.7
2026-03,老城街道,鼓楼小区,其他垃圾桶混入纸箱金属等可回收物,84.2
2026-04,老城街道,鼓楼小区,厨余袋混入塑料瓶/塑料袋,222.9
2026-04,老城街道,鼓楼小区,厨余袋混入纸巾渣土等其他垃圾,1321.5
2026-04,老城街道,鼓楼小区,厨余袋混入玻璃纸盒等可回收物,109.5
2026-04,老城街道,鼓楼小区,可回收物桶混入厨余残渣污染,717.8
2026-04,老城街道,鼓楼小区,其他垃圾桶混入废电池灯管等有害垃圾,1242.9
2026-04,老城街道,鼓楼小区,其他垃圾桶混入纸箱金属等可回收物,213.4
2026-05,老城街道,鼓楼小区,厨余袋混入塑料瓶/塑料袋,1097.5
2026-05,老城街道,鼓楼小区,厨余袋混入纸巾渣土等其他垃圾,549.6
2026-05,老城街道,鼓楼小区,厨余袋混入玻璃纸盒等可回收物,1112.7
2026-05,老城街道,鼓楼小区,可回收物桶混入厨余残渣污染,105.2
2026-05,老城街道,鼓楼小区,其他垃圾桶混入废电池灯管等有害垃圾,707.9
2026-05,老城街道,鼓楼小区,其他垃圾桶混入纸箱金属等可回收物,703.7
2026-06,老城街道,鼓楼小区,厨余袋混入塑料瓶/塑料袋,1261.6
2026-06,老城街道,鼓楼小区,厨余袋混入纸巾渣土等其他垃圾,1470.2
2026-06,老城街道,鼓楼小区,厨余袋混入玻璃纸盒等可回收物,675.9
2026-06,老城街道,鼓楼小区,可回收物桶混入厨余残渣污染,660.1
2026-06,老城街道,鼓楼小区,其他垃圾桶混入废电池灯管等有害垃圾,460.2
2026-06,老城街道,鼓楼小区,其他垃圾桶混入纸箱金属等可回收物,50.5
2026-07,老城街道,鼓楼小区,厨余袋混入塑料瓶/塑料袋,383.1
2026-07,老城街道,鼓楼小区,厨余袋混入纸巾渣土等其他垃圾,1563.1
2026-07,老城街道,鼓楼小区,厨余袋混入玻璃纸盒等可回收物,1785.1
2026-07,老城街道,鼓楼小区,可回收物桶混入厨余残渣污染,484.0
2026-07,老城街道,鼓楼小区,其他垃圾桶混入废电池灯管等有害垃圾,761.2
2026-07,老城街道,鼓楼小区,其他垃圾桶混入纸箱金属等可回收物,84.7
2026-08,老城街道,鼓楼小区,厨余袋混入塑料瓶/塑料袋,1132.8
2026-08,老城街道,鼓楼小区,厨余袋混入纸巾渣土等其他垃圾,2190.5
2026-08,老城街道,鼓楼小区,厨余袋混入玻璃纸盒等可回收物,1100.1
2026-08,老城街道,鼓楼小区,可回收物桶混入厨余残渣污染,532.3
2026-08,老城街道,鼓楼小区,其他垃圾桶混入废电池灯管等有害垃圾,250.9
2026-08,老城街道,鼓楼小区,其他垃圾桶混入纸箱金属等可回收物,269.9
2026-09,老城街道,鼓楼小区,厨余袋混入塑料瓶/塑料袋,626.1
2026-09,老城街道,鼓楼小区,厨余袋混入纸巾渣土等其他垃圾,348.6
2026-09,老城街道,鼓楼小区,厨余袋混入玻璃纸盒等可回收物,894.8
2026-09,老城街道,鼓楼小区,可回收物桶混入厨余残渣污染,277.1
2026-09,老城街道,鼓楼小区,其他垃圾桶混入废电池灯管等有害垃圾,1398.6
2026-09,老城街道,鼓楼小区,其他垃圾桶混入纸箱金属等可回收物,83.2
2026-01,青山街道,山水人家,厨余袋混入塑料瓶/塑料袋,1145.1
2026-01,青山街道,山水人家,厨余袋混入纸巾渣土等其他垃圾,159.9
2026-01,青山街道,山水人家,厨余袋混入玻璃纸盒等可回收物,322.2
2026-01,青山街道,山水人家,可回收物桶混入厨余残渣污染,491.2
2026-01,青山街道,山水人家,其他垃圾桶混入废电池灯管等有害垃圾,33.2
2026-01,青山街道,山水人家,其他垃圾桶混入纸箱金属等可回收物,65.4
2026-02,青山街道,山水人家,厨余袋混入塑料瓶/塑料袋,663.2
2026-02,青山街道,山水人家,厨余袋混入纸巾渣土等其他垃圾,255.5
2026-02,青山街道,山水人家,厨余袋混入玻璃纸盒等可回收物,351.6
2026-02,青山街道,山水人家,可回收物桶混入厨余残渣污染,546.6
2026-02,青山街道,山水人家,其他垃圾桶混入废电池灯管等有害垃圾,100.7
2026-02,青山街道,山水人家,其他垃圾桶混入纸箱金属等可回收物,31.5
2026-03,青山街道,山水人家,厨余袋混入塑料瓶/塑料袋,787.5
2026-03,青山街道,山水人家,厨余袋混入纸巾渣土等其他垃圾,391.8
2026-03,青山街道,山水人家,厨余袋混入玻璃纸盒等可回收物,13.9
2026-03,青山街道,山水人家,可回收物桶混入厨余残渣污染,494.2
2026-03,青山街道,山水人家,其他垃圾桶混入废电池灯管等有害垃圾,123.4
2026-03,青山街道,山水人家,其他垃圾桶混入纸箱金属等可回收物,391.0
2026-04,青山街道,山水人家,厨余袋混入塑料瓶/塑料袋,913.2
2026-04,青山街道,山水人家,厨余袋混入纸巾渣土等其他垃圾,673.5
2026-04,青山街道,山水人家,厨余袋混入玻璃纸盒等可回收物,58.6
2026-04,青山街道,山水人家,可回收物桶混入厨余残渣污染,260.5
2026-04,青山街道,山水人家,其他垃圾桶混入废电池灯管等有害垃圾,147.2
2026-04,青山街道,山水人家,其他垃圾桶混入纸箱金属等可回收物,20.2
2026-05,青山街道,山水人家,厨余袋混入塑料瓶/塑料袋,1207.2
2026-05,青山街道,山水人家,厨余袋混入纸巾渣土等其他垃圾,311.7
2026-05,青山街道,山水人家,厨余袋混入玻璃纸盒等可回收物,325.2
2026-05,青山街道,山水人家,可回收物桶混入厨余残渣污染,148.8
2026-05,青山街道,山水人家,其他垃圾桶混入废电池灯管等有害垃圾,47.1
2026-05,青山街道,山水人家,其他垃圾桶混入纸箱金属等可回收物,46.2
2026-06,青山街道,山水人家,厨余袋混入塑料瓶/塑料袋,730.1
2026-06,青山街道,山水人家,厨余袋混入纸巾渣土等其他垃圾,297.3
2026-06,青山街道,山水人家,厨余袋混入玻璃纸盒等可回收物,487.1
2026-06,青山街道,山水人家,可回收物桶混入厨余残渣污染,315.4
2026-06,青山街道,山水人家,其他垃圾桶混入废电池灯管等有害垃圾,83.8
2026-06,青山街道,山水人家,其他垃圾桶混入纸箱金属等可回收物,0.7
2026-07,青山街道,山水人家,厨余袋混入塑料瓶/塑料袋,122.5
2026-07,青山街道,山水人家,厨余袋混入纸巾渣土等其他垃圾,239.8
2026-07,青山街道,山水人家,厨余袋混入玻璃纸盒等可回收物,35.1
2026-07,青山街道,山水人家,可回收物桶混入厨余残渣污染,407.8
2026-07,青山街道,山水人家,其他垃圾桶混入废电池灯管等有害垃圾,85.5
2026-07,青山街道,山水人家,其他垃圾桶混入纸箱金属等可回收物,1106.7
2026-08,青山街道,山水人家,厨余袋混入塑料瓶/塑料袋,329.2
2026-08,青山街道,山水人家,厨余袋混入纸巾渣土等其他垃圾,302.8
2026-08,青山街道,山水人家,厨余袋混入玻璃纸盒等可回收物,395.3
2026-08,青山街道,山水人家,可回收物桶混入厨余残渣污染,428.0
2026-08,青山街道,山水人家,其他垃圾桶混入废电池灯管等有害垃圾,131.0
2026-08,青山街道,山水人家,其他垃圾桶混入纸箱金属等可回收物,397.1
2026-09,青山街道,山水人家,厨余袋混入塑料瓶/塑料袋,597.4
2026-09,青山街道,山水人家,厨余袋混入纸巾渣土等其他垃圾,104.2
2026-09,青山街道,山水人家,厨余袋混入玻璃纸盒等可回收物,64.6
2026-09,青山街道,山水人家,可回收物桶混入厨余残渣污染,10.5
2026-09,青山街道,山水人家,其他垃圾桶混入废电池灯管等有害垃圾,42.9
2026-09,青山街道,山水人家,其他垃圾桶混入纸箱金属等可回收物,340.3
2026-01,青山街道,松涛小区,厨余袋混入塑料瓶/塑料袋,983.6
2026-01,青山街道,松涛小区,厨余袋混入纸巾渣土等其他垃圾,817.9
2026-01,青山街道,松涛小区,厨余袋混入玻璃纸盒等可回收物,3130.1
2026-01,青山街道,松涛小区,可回收物桶混入厨余残渣污染,325.0
2026-01,青山街道,松涛小区,其他垃圾桶混入废电池灯管等有害垃圾,110.5
2026-01,青山街道,松涛小区,其他垃圾桶混入纸箱金属等可回收物,711.0
2026-02,青山街道,松涛小区,厨余袋混入塑料瓶/塑料袋,3070.3
2026-02,青山街道,松涛小区,厨余袋混入纸巾渣土等其他垃圾,11.8
2026-02,青山街道,松涛小区,厨余袋混入玻璃纸盒等可回收物,31.7
2026-02,青山街道,松涛小区,可回收物桶混入厨余残渣污染,280.0
2026-02,青山街道,松涛小区,其他垃圾桶混入废电池灯管等有害垃圾,1316.4
2026-02,青山街道,松涛小区,其他垃圾桶混入纸箱金属等可回收物,589.8
2026-03,青山街道,松涛小区,厨余袋混入塑料瓶/塑料袋,713.0
2026-03,青山街道,松涛小区,厨余袋混入纸巾渣土等其他垃圾,1048.3
2026-03,青山街道,松涛小区,厨余袋混入玻璃纸盒等可回收物,1466.1
2026-03,青山街道,松涛小区,可回收物桶混入厨余残渣污染,882.3
2026-03,青山街道,松涛小区,其他垃圾桶混入废电池灯管等有害垃圾,227.2
2026-03,青山街道,松涛小区,其他垃圾桶混入纸箱金属等可回收物,1264.5
2026-04,青山街道,松涛小区,厨余袋混入塑料瓶/塑料袋,855.1
2026-04,青山街道,松涛小区,厨余袋混入纸巾渣土等其他垃圾,1167.5
2026-04,青山街道,松涛小区,厨余袋混入玻璃纸盒等可回收物,1461.4
2026-04,青山街道,松涛小区,可回收物桶混入厨余残渣污染,552.0
2026-04,青山街道,松涛小区,其他垃圾桶混入废电池灯管等有害垃圾,192.9
2026-04,青山街道,松涛小区,其他垃圾桶混入纸箱金属等可回收物,949.9
2026-05,青山街道,松涛小区,厨余袋混入塑料瓶/塑料袋,1310.2
2026-05,青山街道,松涛小区,厨余袋混入纸巾渣土等其他垃圾,300.9
2026-05,青山街道,松涛小区,厨余袋混入玻璃纸盒等可回收物,2421.6
2026-05,青山街道,松涛小区,可回收物桶混入厨余残渣污染,365.2
2026-05,青山街道,松涛小区,其他垃圾桶混入废电池灯管等有害垃圾,323.9
2026-05,青山街道,松涛小区,其他垃圾桶混入纸箱金属等可回收物,344.0
2026-06,青山街道,松涛小区,厨余袋混入塑料瓶/塑料袋,1338.3
2026-06,青山街道,松涛小区,厨余袋混入纸巾渣土等其他垃圾,282.7
2026-06,青山街道,松涛小区,厨余袋混入玻璃纸盒等可回收物,994.3
2026-06,青山街道,松涛小区,可回收物桶混入厨余残渣污染,1006.9
2026-06,青山街道,松涛小区,其他垃圾桶混入废电池灯管等有害垃圾,389.4
2026-06,青山街道,松涛小区,其他垃圾桶混入纸箱金属等可回收物,847.5
2026-07,青山街道,松涛小区,厨余袋混入塑料瓶/塑料袋,1945.1
2026-07,青山街道,松涛小区,厨余袋混入纸巾渣土等其他垃圾,1007.6
2026-07,青山街道,松涛小区,厨余袋混入玻璃纸盒等可回收物,1012.2
2026-07,青山街道,松涛小区,可回收物桶混入厨余残渣污染,212.3
2026-07,青山街道,松涛小区,其他垃圾桶混入废电池灯管等有害垃圾,315.3
2026-07,青山街道,松涛小区,其他垃圾桶混入纸箱金属等可回收物,34.9
2026-08,青山街道,松涛小区,厨余袋混入塑料瓶/塑料袋,1525.6
2026-08,青山街道,松涛小区,厨余袋混入纸巾渣土等其他垃圾,868.4
2026-08,青山街道,松涛小区,厨余袋混入玻璃纸盒等可回收物,597.7
2026-08,青山街道,松涛小区,可回收物桶混入厨余残渣污染,559.9
2026-08,青山街道,松涛小区,其他垃圾桶混入废电池灯管等有害垃圾,634.0
2026-08,青山街道,松涛小区,其他垃圾桶混入纸箱金属等可回收物,363.1
2026-09,青山街道,松涛小区,厨余袋混入塑料瓶/塑料袋,1698.0
2026-09,青山街道,松涛小区,厨余袋混入纸巾渣土等其他垃圾,215.3
2026-09,青山街道,松涛小区,厨余袋混入玻璃纸盒等可回收物,264.4
2026-09,青山街道,松涛小区,可回收物桶混入厨余残渣污染,140.8
2026-09,青山街道,松涛小区,其他垃圾桶混入废电池灯管等有害垃圾,37.3
2026-09,青山街道,松涛小区,其他垃圾桶混入纸箱金属等可回收物,45.6
2026-01,青山街道,绿谷新村,厨余袋混入塑料瓶/塑料袋,1792.2
2026-01,青山街道,绿谷新村,厨余袋混入纸巾渣土等其他垃圾,85.4
2026-01,青山街道,绿谷新村,厨余袋混入玻璃纸盒等可回收物,310.2
2026-01,青山街道,绿谷新村,可回收物桶混入厨余残渣污染,547.8
2026-01,青山街道,绿谷新村,其他垃圾桶混入废电池灯管等有害垃圾,952.3
2026-01,青山街道,绿谷新村,其他垃圾桶混入纸箱金属等可回收物,521.5
2026-02,青山街道,绿谷新村,厨余袋混入塑料瓶/塑料袋,400.3
2026-02,青山街道,绿谷新村,厨余袋混入纸巾渣土等其他垃圾,439.0
2026-02,青山街道,绿谷新村,厨余袋混入玻璃纸盒等可回收物,225.5
2026-02,青山街道,绿谷新村,可回收物桶混入厨余残渣污染,408.6
2026-02,青山街道,绿谷新村,其他垃圾桶混入废电池灯管等有害垃圾,1794.8
2026-02,青山街道,绿谷新村,其他垃圾桶混入纸箱金属等可回收物,176.9
2026-03,青山街道,绿谷新村,厨余袋混入塑料瓶/塑料袋,88.9
2026-03,青山街道,绿谷新村,厨余袋混入纸巾渣土等其他垃圾,288.7
2026-03,青山街道,绿谷新村,厨余袋混入玻璃纸盒等可回收物,162.8
2026-03,青山街道,绿谷新村,可回收物桶混入厨余残渣污染,1724.8
2026-03,青山街道,绿谷新村,其他垃圾桶混入废电池灯管等有害垃圾,677.5
2026-03,青山街道,绿谷新村,其他垃圾桶混入纸箱金属等可回收物,699.6
2026-04,青山街道,绿谷新村,厨余袋混入塑料瓶/塑料袋,567.8
2026-04,青山街道,绿谷新村,厨余袋混入纸巾渣土等其他垃圾,54.1
2026-04,青山街道,绿谷新村,厨余袋混入玻璃纸盒等可回收物,1194.4
2026-04,青山街道,绿谷新村,可回收物桶混入厨余残渣污染,211.2
2026-04,青山街道,绿谷新村,其他垃圾桶混入废电池灯管等有害垃圾,29.9
2026-04,青山街道,绿谷新村,其他垃圾桶混入纸箱金属等可回收物,1217.7
2026-05,青山街道,绿谷新村,厨余袋混入塑料瓶/塑料袋,353.3
2026-05,青山街道,绿谷新村,厨余袋混入纸巾渣土等其他垃圾,626.7
2026-05,青山街道,绿谷新村,厨余袋混入玻璃纸盒等可回收物,1025.1
2026-05,青山街道,绿谷新村,可回收物桶混入厨余残渣污染,666.9
2026-05,青山街道,绿谷新村,其他垃圾桶混入废电池灯管等有害垃圾,310.0
2026-05,青山街道,绿谷新村,其他垃圾桶混入纸箱金属等可回收物,195.0
2026-06,青山街道,绿谷新村,厨余袋混入塑料瓶/塑料袋,168.6
2026-06,青山街道,绿谷新村,厨余袋混入纸巾渣土等其他垃圾,389.2
2026-06,青山街道,绿谷新村,厨余袋混入玻璃纸盒等可回收物,555.0
2026-06,青山街道,绿谷新村,可回收物桶混入厨余残渣污染,344.5
2026-06,青山街道,绿谷新村,其他垃圾桶混入废电池灯管等有害垃圾,712.5
2026-06,青山街道,绿谷新村,其他垃圾桶混入纸箱金属等可回收物,695.7
2026-07,青山街道,绿谷新村,厨余袋混入塑料瓶/塑料袋,380.0
2026-07,青山街道,绿谷新村,厨余袋混入纸巾渣土等其他垃圾,350.6
2026-07,青山街道,绿谷新村,厨余袋混入玻璃纸盒等可回收物,242.2
2026-07,青山街道,绿谷新村,可回收物桶混入厨余残渣污染,473.0
2026-07,青山街道,绿谷新村,其他垃圾桶混入废电池灯管等有害垃圾,676.9
2026-07,青山街道,绿谷新村,其他垃圾桶混入纸箱金属等可回收物,474.5
2026-08,青山街道,绿谷新村,厨余袋混入塑料瓶/塑料袋,611.1
2026-08,青山街道,绿谷新村,厨余袋混入纸巾渣土等其他垃圾,197.2
2026-08,青山街道,绿谷新村,厨余袋混入玻璃纸盒等可回收物,721.1
2026-08,青山街道,绿谷新村,可回收物桶混入厨余残渣污染,340.6
2026-08,青山街道,绿谷新村,其他垃圾桶混入废电池灯管等有害垃圾,517.5
2026-08,青山街道,绿谷新村,其他垃圾桶混入纸箱金属等可回收物,155.6
2026-09,青山街道,绿谷新村,厨余袋混入塑料瓶/塑料袋,372.5
2026-09,青山街道,绿谷新村,厨余袋混入纸巾渣土等其他垃圾,150.1
2026-09,青山街道,绿谷新村,厨余袋混入玻璃纸盒等可回收物,281.7
2026-09,青山街道,绿谷新村,可回收物桶混入厨余残渣污染,324.5
2026-09,青山街道,绿谷新村,其他垃圾桶混入废电池灯管等有害垃圾,382.1
2026-09,青山街道,绿谷新村,其他垃圾桶混入纸箱金属等可回收物,6.6
2026-01,青山街道,青竹苑,厨余袋混入塑料瓶/塑料袋,1247.4
2026-01,青山街道,青竹苑,厨余袋混入纸巾渣土等其他垃圾,2133.1
2026-01,青山街道,青竹苑,厨余袋混入玻璃纸盒等可回收物,107.4
2026-01,青山街道,青竹苑,可回收物桶混入厨余残渣污染,216.4
2026-01,青山街道,青竹苑,其他垃圾桶混入废电池灯管等有害垃圾,1281.0
2026-01,青山街道,青竹苑,其他垃圾桶混入纸箱金属等可回收物,106.3
2026-02,青山街道,青竹苑,厨余袋混入塑料瓶/塑料袋,1465.4
2026-02,青山街道,青竹苑,厨余袋混入纸巾渣土等其他垃圾,1095.2
2026-02,青山街道,青竹苑,厨余袋混入玻璃纸盒等可回收物,532.2
2026-02,青山街道,青竹苑,可回收物桶混入厨余残渣污染,187.6
2026-02,青山街道,青竹苑,其他垃圾桶混入废电池灯管等有害垃圾,154.7
2026-02,青山街道,青竹苑,其他垃圾桶混入纸箱金属等可回收物,1040.1
2026-03,青山街道,青竹苑,厨余袋混入塑料瓶/塑料袋,2445.9
2026-03,青山街道,青竹苑,厨余袋混入纸巾渣土等其他垃圾,806.8
2026-03,青山街道,青竹苑,厨余袋混入玻璃纸盒等可回收物,38.6
2026-03,青山街道,青竹苑,可回收物桶混入厨余残渣污染,40.1
2026-03,青山街道,青竹苑,其他垃圾桶混入废电池灯管等有害垃圾,684.9
2026-03,青山街道,青竹苑,其他垃圾桶混入纸箱金属等可回收物,886.9
2026-04,青山街道,青竹苑,厨余袋混入塑料瓶/塑料袋,639.6
2026-04,青山街道,青竹苑,厨余袋混入纸巾渣土等其他垃圾,1347.2
2026-04,青山街道,青竹苑,厨余袋混入玻璃纸盒等可回收物,1127.7
2026-04,青山街道,青竹苑,可回收物桶混入厨余残渣污染,111.0
2026-04,青山街道,青竹苑,其他垃圾桶混入废电池灯管等有害垃圾,65.9
2026-04,青山街道,青竹苑,其他垃圾桶混入纸箱金属等可回收物,1425.4
2026-05,青山街道,青竹苑,厨余袋混入塑料瓶/塑料袋,1033.3
2026-05,青山街道,青竹苑,厨余袋混入纸巾渣土等其他垃圾,1028.9
2026-05,青山街道,青竹苑,厨余袋混入玻璃纸盒等可回收物,44.4
2026-05,青山街道,青竹苑,可回收物桶混入厨余残渣污染,1616.5
2026-05,青山街道,青竹苑,其他垃圾桶混入废电池灯管等有害垃圾,129.6
2026-05,青山街道,青竹苑,其他垃圾桶混入纸箱金属等可回收物,884.1
2026-06,青山街道,青竹苑,厨余袋混入塑料瓶/塑料袋,1659.2
2026-06,青山街道,青竹苑,厨余袋混入纸巾渣土等其他垃圾,512.4
2026-06,青山街道,青竹苑,厨余袋混入玻璃纸盒等可回收物,1468.6
2026-06,青山街道,青竹苑,可回收物桶混入厨余残渣污染,1.7
2026-06,青山街道,青竹苑,其他垃圾桶混入废电池灯管等有害垃圾,271.6
2026-06,青山街道,青竹苑,其他垃圾桶混入纸箱金属等可回收物,530.1
2026-07,青山街道,青竹苑,厨余袋混入塑料瓶/塑料袋,1363.8
2026-07,青山街道,青竹苑,厨余袋混入纸巾渣土等其他垃圾,1205.7
2026-07,青山街道,青竹苑,厨余袋混入玻璃纸盒等可回收物,571.4
2026-07,青山街道,青竹苑,可回收物桶混入厨余残渣污染,259.3
2026-07,青山街道,青竹苑,其他垃圾桶混入废电池灯管等有害垃圾,1035.8
2026-07,青山街道,青竹苑,其他垃圾桶混入纸箱金属等可回收物,61.4
2026-08,青山街道,青竹苑,厨余袋混入塑料瓶/塑料袋,2469.3
2026-08,青山街道,青竹苑,厨余袋混入纸巾渣土等其他垃圾,739.1
2026-08,青山街道,青竹苑,厨余袋混入玻璃纸盒等可回收物,359.2
2026-08,青山街道,青竹苑,可回收物桶混入厨余残渣污染,554.2
2026-08,青山街道,青竹苑,其他垃圾桶混入废电池灯管等有害垃圾,41.6
2026-08,青山街道,青竹苑,其他垃圾桶混入纸箱金属等可回收物,234.4
2026-09,青山街道,青竹苑,厨余袋混入塑料瓶/塑料袋,1376.7
2026-09,青山街道,青竹苑,厨余袋混入纸巾渣土等其他垃圾,158.8
2026-09,青山街道,青竹苑,厨余袋混入玻璃纸盒等可回收物,4.0
2026-09,青山街道,青竹苑,可回收物桶混入厨余残渣污染,135.1
2026-09,青山街道,青竹苑,其他垃圾桶混入废电池灯管等有害垃圾,77.8
2026-09,青山街道,青竹苑,其他垃圾桶混入纸箱金属等可回收物,880.8
2026-01,高新街道,云谷社区,厨余袋混入塑料瓶/塑料袋,2000.0
2026-01,高新街道,云谷社区,厨余袋混入纸巾渣土等其他垃圾,1277.8
2026-01,高新街道,云谷社区,厨余袋混入玻璃纸盒等可回收物,1196.4
2026-01,高新街道,云谷社区,可回收物桶混入厨余残渣污染,344.7
2026-01,高新街道,云谷社区,其他垃圾桶混入废电池灯管等有害垃圾,146.5
2026-01,高新街道,云谷社区,其他垃圾桶混入纸箱金属等可回收物,631.1
2026-02,高新街道,云谷社区,厨余袋混入塑料瓶/塑料袋,310.1
2026-02,高新街道,云谷社区,厨余袋混入纸巾渣土等其他垃圾,1929.1
2026-02,高新街道,云谷社区,厨余袋混入玻璃纸盒等可回收物,10.7
2026-02,高新街道,云谷社区,可回收物桶混入厨余残渣污染,190.8
2026-02,高新街道,云谷社区,其他垃圾桶混入废电池灯管等有害垃圾,994.1
2026-02,高新街道,云谷社区,其他垃圾桶混入纸箱金属等可回收物,1611.1
2026-03,高新街道,云谷社区,厨余袋混入塑料瓶/塑料袋,998.6
2026-03,高新街道,云谷社区,厨余袋混入纸巾渣土等其他垃圾,710.9
2026-03,高新街道,云谷社区,厨余袋混入玻璃纸盒等可回收物,565.9
2026-03,高新街道,云谷社区,可回收物桶混入厨余残渣污染,656.7
2026-03,高新街道,云谷社区,其他垃圾桶混入废电池灯管等有害垃圾,891.9
2026-03,高新街道,云谷社区,其他垃圾桶混入纸箱金属等可回收物,1644.2
2026-04,高新街道,云谷社区,厨余袋混入塑料瓶/塑料袋,557.4
2026-04,高新街道,云谷社区,厨余袋混入纸巾渣土等其他垃圾,1749.0
2026-04,高新街道,云谷社区,厨余袋混入玻璃纸盒等可回收物,1432.1
2026-04,高新街道,云谷社区,可回收物桶混入厨余残渣污染,268.3
2026-04,高新街道,云谷社区,其他垃圾桶混入废电池灯管等有害垃圾,658.4
2026-04,高新街道,云谷社区,其他垃圾桶混入纸箱金属等可回收物,627.0
2026-05,高新街道,云谷社区,厨余袋混入塑料瓶/塑料袋,668.6
2026-05,高新街道,云谷社区,厨余袋混入纸巾渣土等其他垃圾,486.2
2026-05,高新街道,云谷社区,厨余袋混入玻璃纸盒等可回收物,544.8
2026-05,高新街道,云谷社区,可回收物桶混入厨余残渣污染,927.3
2026-05,高新街道,云谷社区,其他垃圾桶混入废电池灯管等有害垃圾,1917.2
2026-05,高新街道,云谷社区,其他垃圾桶混入纸箱金属等可回收物,855.9
2026-06,高新街道,云谷社区,厨余袋混入塑料瓶/塑料袋,313.1
2026-06,高新街道,云谷社区,厨余袋混入纸巾渣土等其他垃圾,1654.1
2026-06,高新街道,云谷社区,厨余袋混入玻璃纸盒等可回收物,1053.1
2026-06,高新街道,云谷社区,可回收物桶混入厨余残渣污染,70.1
2026-06,高新街道,云谷社区,其他垃圾桶混入废电池灯管等有害垃圾,570.3
2026-06,高新街道,云谷社区,其他垃圾桶混入纸箱金属等可回收物,1351.6
2026-07,高新街道,云谷社区,厨余袋混入塑料瓶/塑料袋,2140.7
2026-07,高新街道,云谷社区,厨余袋混入纸巾渣土等其他垃圾,246.3
2026-07,高新街道,云谷社区,厨余袋混入玻璃纸盒等可回收物,237.9
2026-07,高新街道,云谷社区,可回收物桶混入厨余残渣污染,1042.8
2026-07,高新街道,云谷社区,其他垃圾桶混入废电池灯管等有害垃圾,625.6
2026-07,高新街道,云谷社区,其他垃圾桶混入纸箱金属等可回收物,886.4
2026-08,高新街道,云谷社区,厨余袋混入塑料瓶/塑料袋,938.3
2026-08,高新街道,云谷社区,厨余袋混入纸巾渣土等其他垃圾,734.5
2026-08,高新街道,云谷社区,厨余袋混入玻璃纸盒等可回收物,1245.2
2026-08,高新街道,云谷社区,可回收物桶混入厨余残渣污染,98.2
2026-08,高新街道,云谷社区,其他垃圾桶混入废电池灯管等有害垃圾,1428.6
2026-08,高新街道,云谷社区,其他垃圾桶混入纸箱金属等可回收物,731.5
2026-09,高新街道,云谷社区,厨余袋混入塑料瓶/塑料袋,502.4
2026-09,高新街道,云谷社区,厨余袋混入纸巾渣土等其他垃圾,843.2
2026-09,高新街道,云谷社区,厨余袋混入玻璃纸盒等可回收物,505.2
2026-09,高新街道,云谷社区,可回收物桶混入厨余残渣污染,1.0
2026-09,高新街道,云谷社区,其他垃圾桶混入废电池灯管等有害垃圾,173.3
2026-09,高新街道,云谷社区,其他垃圾桶混入纸箱金属等可回收物,1040.1
2026-01,高新街道,星辰苑,厨余袋混入塑料瓶/塑料袋,1063.9
2026-01,高新街道,星辰苑,厨余袋混入纸巾渣土等其他垃圾,1185.8
2026-01,高新街道,星辰苑,厨余袋混入玻璃纸盒等可回收物,293.1
2026-01,高新街道,星辰苑,可回收物桶混入厨余残渣污染,1468.0
2026-01,高新街道,星辰苑,其他垃圾桶混入废电池灯管等有害垃圾,301.0
2026-01,高新街道,星辰苑,其他垃圾桶混入纸箱金属等可回收物,405.1
2026-02,高新街道,星辰苑,厨余袋混入塑料瓶/塑料袋,845.0
2026-02,高新街道,星辰苑,厨余袋混入纸巾渣土等其他垃圾,741.1
2026-02,高新街道,星辰苑,厨余袋混入玻璃纸盒等可回收物,106.0
2026-02,高新街道,星辰苑,可回收物桶混入厨余残渣污染,1546.0
2026-02,高新街道,星辰苑,其他垃圾桶混入废电池灯管等有害垃圾,214.7
2026-02,高新街道,星辰苑,其他垃圾桶混入纸箱金属等可回收物,859.8
2026-03,高新街道,星辰苑,厨余袋混入塑料瓶/塑料袋,335.6
2026-03,高新街道,星辰苑,厨余袋混入纸巾渣土等其他垃圾,740.8
2026-03,高新街道,星辰苑,厨余袋混入玻璃纸盒等可回收物,310.1
2026-03,高新街道,星辰苑,可回收物桶混入厨余残渣污染,1894.6
2026-03,高新街道,星辰苑,其他垃圾桶混入废电池灯管等有害垃圾,1083.8
2026-03,高新街道,星辰苑,其他垃圾桶混入纸箱金属等可回收物,197.7
2026-04,高新街道,星辰苑,厨余袋混入塑料瓶/塑料袋,900.5
2026-04,高新街道,星辰苑,厨余袋混入纸巾渣土等其他垃圾,1570.7
2026-04,高新街道,星辰苑,厨余袋混入玻璃纸盒等可回收物,8.7
2026-04,高新街道,星辰苑,可回收物桶混入厨余残渣污染,889.8
2026-04,高新街道,星辰苑,其他垃圾桶混入废电池灯管等有害垃圾,44.6
2026-04,高新街道,星辰苑,其他垃圾桶混入纸箱金属等可回收物,957.0
2026-05,高新街道,星辰苑,厨余袋混入塑料瓶/塑料袋,205.7
2026-05,高新街道,星辰苑,厨余袋混入纸巾渣土等其他垃圾,1273.9
2026-05,高新街道,星辰苑,厨余袋混入玻璃纸盒等可回收物,1613.8
2026-05,高新街道,星辰苑,可回收物桶混入厨余残渣污染,1180.2
2026-05,高新街道,星辰苑,其他垃圾桶混入废电池灯管等有害垃圾,41.0
2026-05,高新街道,星辰苑,其他垃圾桶混入纸箱金属等可回收物,53.3
2026-06,高新街道,星辰苑,厨余袋混入塑料瓶/塑料袋,864.2
2026-06,高新街道,星辰苑,厨余袋混入纸巾渣土等其他垃圾,1854.9
2026-06,高新街道,星辰苑,厨余袋混入玻璃纸盒等可回收物,80.6
2026-06,高新街道,星辰苑,可回收物桶混入厨余残渣污染,791.4
2026-06,高新街道,星辰苑,其他垃圾桶混入废电池灯管等有害垃圾,286.0
2026-06,高新街道,星辰苑,其他垃圾桶混入纸箱金属等可回收物,108.5
2026-07,高新街道,星辰苑,厨余袋混入塑料瓶/塑料袋,580.8
2026-07,高新街道,星辰苑,厨余袋混入纸巾渣土等其他垃圾,1516.5
2026-07,高新街道,星辰苑,厨余袋混入玻璃纸盒等可回收物,126.2
2026-07,高新街道,星辰苑,可回收物桶混入厨余残渣污染,645.1
2026-07,高新街道,星辰苑,其他垃圾桶混入废电池灯管等有害垃圾,958.3
2026-07,高新街道,星辰苑,其他垃圾桶混入纸箱金属等可回收物,352.3
2026-08,高新街道,星辰苑,厨余袋混入塑料瓶/塑料袋,896.8
2026-08,高新街道,星辰苑,厨余袋混入纸巾渣土等其他垃圾,444.9
2026-08,高新街道,星辰苑,厨余袋混入玻璃纸盒等可回收物,146.2
2026-08,高新街道,星辰苑,可回收物桶混入厨余残渣污染,1340.5
2026-08,高新街道,星辰苑,其他垃圾桶混入废电池灯管等有害垃圾,617.1
2026-08,高新街道,星辰苑,其他垃圾桶混入纸箱金属等可回收物,622.6
2026-09,高新街道,星辰苑,厨余袋混入塑料瓶/塑料袋,58.5
2026-09,高新街道,星辰苑,厨余袋混入纸巾渣土等其他垃圾,1246.0
2026-09,高新街道,星辰苑,厨余袋混入玻璃纸盒等可回收物,190.5
2026-09,高新街道,星辰苑,可回收物桶混入厨余残渣污染,323.9
2026-09,高新街道,星辰苑,其他垃圾桶混入废电池灯管等有害垃圾,419.3
2026-09,高新街道,星辰苑,其他垃圾桶混入纸箱金属等可回收物,151.8
2026-01,高新街道,智慧城小区,厨余袋混入塑料瓶/塑料袋,1089.5
2026-01,高新街道,智慧城小区,厨余袋混入纸巾渣土等其他垃圾,1411.4
2026-01,高新街道,智慧城小区,厨余袋混入玻璃纸盒等可回收物,923.1
2026-01,高新街道,智慧城小区,可回收物桶混入厨余残渣污染,2186.5
2026-01,高新街道,智慧城小区,其他垃圾桶混入废电池灯管等有害垃圾,897.5
2026-01,高新街道,智慧城小区,其他垃圾桶混入纸箱金属等可回收物,1068.5
2026-02,高新街道,智慧城小区,厨余袋混入塑料瓶/塑料袋,2536.8
2026-02,高新街道,智慧城小区,厨余袋混入纸巾渣土等其他垃圾,126.8
2026-02,高新街道,智慧城小区,厨余袋混入玻璃纸盒等可回收物,1372.7
2026-02,高新街道,智慧城小区,可回收物桶混入厨余残渣污染,1216.9
2026-02,高新街道,智慧城小区,其他垃圾桶混入废电池灯管等有害垃圾,1287.9
2026-02,高新街道,智慧城小区,其他垃圾桶混入纸箱金属等可回收物,282.1
2026-03,高新街道,智慧城小区,厨余袋混入塑料瓶/塑料袋,1390.5
2026-03,高新街道,智慧城小区,厨余袋混入纸巾渣土等其他垃圾,1179.5
2026-03,高新街道,智慧城小区,厨余袋混入玻璃纸盒等可回收物,196.3
2026-03,高新街道,智慧城小区,可回收物桶混入厨余残渣污染,3684.0
2026-03,高新街道,智慧城小区,其他垃圾桶混入废电池灯管等有害垃圾,18.1
2026-03,高新街道,智慧城小区,其他垃圾桶混入纸箱金属等可回收物,810.7
2026-04,高新街道,智慧城小区,厨余袋混入塑料瓶/塑料袋,2535.1
2026-04,高新街道,智慧城小区,厨余袋混入纸巾渣土等其他垃圾,823.2
2026-04,高新街道,智慧城小区,厨余袋混入玻璃纸盒等可回收物,1316.3
2026-04,高新街道,智慧城小区,可回收物桶混入厨余残渣污染,1199.6
2026-04,高新街道,智慧城小区,其他垃圾桶混入废电池灯管等有害垃圾,408.2
2026-04,高新街道,智慧城小区,其他垃圾桶混入纸箱金属等可回收物,196.8
2026-05,高新街道,智慧城小区,厨余袋混入塑料瓶/塑料袋,1720.6
2026-05,高新街道,智慧城小区,厨余袋混入纸巾渣土等其他垃圾,1492.5
2026-05,高新街道,智慧城小区,厨余袋混入玻璃纸盒等可回收物,1533.5
2026-05,高新街道,智慧城小区,可回收物桶混入厨余残渣污染,126.3
2026-05,高新街道,智慧城小区,其他垃圾桶混入废电池灯管等有害垃圾,97.2
2026-05,高新街道,智慧城小区,其他垃圾桶混入纸箱金属等可回收物,1716.5
2026-06,高新街道,智慧城小区,厨余袋混入塑料瓶/塑料袋,2823.9
2026-06,高新街道,智慧城小区,厨余袋混入纸巾渣土等其他垃圾,537.9
2026-06,高新街道,智慧城小区,厨余袋混入玻璃纸盒等可回收物,193.6
2026-06,高新街道,智慧城小区,可回收物桶混入厨余残渣污染,633.9
2026-06,高新街道,智慧城小区,其他垃圾桶混入废电池灯管等有害垃圾,275.4
2026-06,高新街道,智慧城小区,其他垃圾桶混入纸箱金属等可回收物,1502.8
2026-07,高新街道,智慧城小区,厨余袋混入塑料瓶/塑料袋,3640.0
2026-07,高新街道,智慧城小区,厨余袋混入纸巾渣土等其他垃圾,365.5
2026-07,高新街道,智慧城小区,厨余袋混入玻璃纸盒等可回收物,624.5
2026-07,高新街道,智慧城小区,可回收物桶混入厨余残渣污染,243.7
2026-07,高新街道,智慧城小区,其他垃圾桶混入废电池灯管等有害垃圾,198.4
2026-07,高新街道,智慧城小区,其他垃圾桶混入纸箱金属等可回收物,1067.9
2026-08,高新街道,智慧城小区,厨余袋混入塑料瓶/塑料袋,808.2
2026-08,高新街道,智慧城小区,厨余袋混入纸巾渣土等其他垃圾,161.6
2026-08,高新街道,智慧城小区,厨余袋混入玻璃纸盒等可回收物,646.0
2026-08,高新街道,智慧城小区,可回收物桶混入厨余残渣污染,1198.2
2026-08,高新街道,智慧城小区,其他垃圾桶混入废电池灯管等有害垃圾,1209.5
2026-08,高新街道,智慧城小区,其他垃圾桶混入纸箱金属等可回收物,1555.5
2026-09,高新街道,智慧城小区,厨余袋混入塑料瓶/塑料袋,2107.0
2026-09,高新街道,智慧城小区,厨余袋混入纸巾渣土等其他垃圾,27.1
2026-09,高新街道,智慧城小区,厨余袋混入玻璃纸盒等可回收物,996.9
2026-09,高新街道,智慧城小区,可回收物桶混入厨余残渣污染,8.6
2026-09,高新街道,智慧城小区,其他垃圾桶混入废电池灯管等有害垃圾,358.9
2026-09,高新街道,智慧城小区,其他垃圾桶混入纸箱金属等可回收物,28.8
2026-01,高新街道,未来之光,厨余袋混入塑料瓶/塑料袋,1336.3
2026-01,高新街道,未来之光,厨余袋混入纸巾渣土等其他垃圾,684.3
2026-01,高新街道,未来之光,厨余袋混入玻璃纸盒等可回收物,584.3
2026-01,高新街道,未来之光,可回收物桶混入厨余残渣污染,673.2
2026-01,高新街道,未来之光,其他垃圾桶混入废电池灯管等有害垃圾,369.8
2026-01,高新街道,未来之光,其他垃圾桶混入纸箱金属等可回收物,463.1
2026-02,高新街道,未来之光,厨余袋混入塑料瓶/塑料袋,658.3
2026-02,高新街道,未来之光,厨余袋混入纸巾渣土等其他垃圾,883.2
2026-02,高新街道,未来之光,厨余袋混入玻璃纸盒等可回收物,919.4
2026-02,高新街道,未来之光,可回收物桶混入厨余残渣污染,66.3
2026-02,高新街道,未来之光,其他垃圾桶混入废电池灯管等有害垃圾,810.3
2026-02,高新街道,未来之光,其他垃圾桶混入纸箱金属等可回收物,466.5
2026-03,高新街道,未来之光,厨余袋混入塑料瓶/塑料袋,1456.2
2026-03,高新街道,未来之光,厨余袋混入纸巾渣土等其他垃圾,617.3
2026-03,高新街道,未来之光,厨余袋混入玻璃纸盒等可回收物,26.2
2026-03,高新街道,未来之光,可回收物桶混入厨余残渣污染,327.6
2026-03,高新街道,未来之光,其他垃圾桶混入废电池灯管等有害垃圾,1148.2
2026-03,高新街道,未来之光,其他垃圾桶混入纸箱金属等可回收物,655.2
2026-04,高新街道,未来之光,厨余袋混入塑料瓶/塑料袋,1478.2
2026-04,高新街道,未来之光,厨余袋混入纸巾渣土等其他垃圾,443.8
2026-04,高新街道,未来之光,厨余袋混入玻璃纸盒等可回收物,124.7
2026-04,高新街道,未来之光,可回收物桶混入厨余残渣污染,1250.2
2026-04,高新街道,未来之光,其他垃圾桶混入废电池灯管等有害垃圾,365.7
2026-04,高新街道,未来之光,其他垃圾桶混入纸箱金属等可回收物,121.5
2026-05,高新街道,未来之光,厨余袋混入塑料瓶/塑料袋,580.4
2026-05,高新街道,未来之光,厨余袋混入纸巾渣土等其他垃圾,961.5
2026-05,高新街道,未来之光,厨余袋混入玻璃纸盒等可回收物,622.4
2026-05,高新街道,未来之光,可回收物桶混入厨余残渣污染,103.5
2026-05,高新街道,未来之光,其他垃圾桶混入废电池灯管等有害垃圾,1360.7
2026-05,高新街道,未来之光,其他垃圾桶混入纸箱金属等可回收物,138.6
2026-06,高新街道,未来之光,厨余袋混入塑料瓶/塑料袋,1542.5
2026-06,高新街道,未来之光,厨余袋混入纸巾渣土等其他垃圾,220.1
2026-06,高新街道,未来之光,厨余袋混入玻璃纸盒等可回收物,853.7
2026-06,高新街道,未来之光,可回收物桶混入厨余残渣污染,335.9
2026-06,高新街道,未来之光,其他垃圾桶混入废电池灯管等有害垃圾,486.4
2026-06,高新街道,未来之光,其他垃圾桶混入纸箱金属等可回收物,113.8
2026-07,高新街道,未来之光,厨余袋混入塑料瓶/塑料袋,643.1
2026-07,高新街道,未来之光,厨余袋混入纸巾渣土等其他垃圾,1353.7
2026-07,高新街道,未来之光,厨余袋混入玻璃纸盒等可回收物,219.8
2026-07,高新街道,未来之光,可回收物桶混入厨余残渣污染,112.6
2026-07,高新街道,未来之光,其他垃圾桶混入废电池灯管等有害垃圾,244.7
2026-07,高新街道,未来之光,其他垃圾桶混入纸箱金属等可回收物,893.9
2026-08,高新街道,未来之光,厨余袋混入塑料瓶/塑料袋,1165.1
2026-08,高新街道,未来之光,厨余袋混入纸巾渣土等其他垃圾,512.3
2026-08,高新街道,未来之光,厨余袋混入玻璃纸盒等可回收物,291.8
2026-08,高新街道,未来之光,可回收物桶混入厨余残渣污染,476.1
2026-08,高新街道,未来之光,其他垃圾桶混入废电池灯管等有害垃圾,887.7
2026-08,高新街道,未来之光,其他垃圾桶混入纸箱金属等可回收物,229.2
2026-09,高新街道,未来之光,厨余袋混入塑料瓶/塑料袋,400.5
2026-09,高新街道,未来之光,厨余袋混入纸巾渣土等其他垃圾,288.1
2026-09,高新街道,未来之光,厨余袋混入玻璃纸盒等可回收物,542.6
2026-09,高新街道,未来之光,可回收物桶混入厨余残渣污染,84.5
2026-09,高新街道,未来之光,其他垃圾桶混入废电池灯管等有害垃圾,476.5
2026-09,高新街道,未来之光,其他垃圾桶混入纸箱金属等可回收物,167.6
2026-01,高新街道,科创家园,厨余袋混入塑料瓶/塑料袋,557.4
2026-01,高新街道,科创家园,厨余袋混入纸巾渣土等其他垃圾,142.4
2026-01,高新街道,科创家园,厨余袋混入玻璃纸盒等可回收物,98.8
2026-01,高新街道,科创家园,可回收物桶混入厨余残渣污染,481.9
2026-01,高新街道,科创家园,其他垃圾桶混入废电池灯管等有害垃圾,402.6
2026-01,高新街道,科创家园,其他垃圾桶混入纸箱金属等可回收物,439.2
2026-02,高新街道,科创家园,厨余袋混入塑料瓶/塑料袋,108.7
2026-02,高新街道,科创家园,厨余袋混入纸巾渣土等其他垃圾,390.6
2026-02,高新街道,科创家园,厨余袋混入玻璃纸盒等可回收物,503.6
2026-02,高新街道,科创家园,可回收物桶混入厨余残渣污染,277.7
2026-02,高新街道,科创家园,其他垃圾桶混入废电池灯管等有害垃圾,495.2
2026-02,高新街道,科创家园,其他垃圾桶混入纸箱金属等可回收物,58.3
2026-03,高新街道,科创家园,厨余袋混入塑料瓶/塑料袋,670.4
2026-03,高新街道,科创家园,厨余袋混入纸巾渣土等其他垃圾,53.8
2026-03,高新街道,科创家园,厨余袋混入玻璃纸盒等可回收物,66.3
2026-03,高新街道,科创家园,可回收物桶混入厨余残渣污染,513.3
2026-03,高新街道,科创家园,其他垃圾桶混入废电池灯管等有害垃圾,504.3
2026-03,高新街道,科创家园,其他垃圾桶混入纸箱金属等可回收物,71.6
2026-04,高新街道,科创家园,厨余袋混入塑料瓶/塑料袋,519.5
2026-04,高新街道,科创家园,厨余袋混入纸巾渣土等其他垃圾,108.0
2026-04,高新街道,科创家园,厨余袋混入玻璃纸盒等可回收物,122.4
2026-04,高新街道,科创家园,可回收物桶混入厨余残渣污染,55.4
2026-04,高新街道,科创家园,其他垃圾桶混入废电池灯管等有害垃圾,658.1
2026-04,高新街道,科创家园,其他垃圾桶混入纸箱金属等可回收物,246.1
2026-05,高新街道,科创家园,厨余袋混入塑料瓶/塑料袋,846.3
2026-05,高新街道,科创家园,厨余袋混入纸巾渣土等其他垃圾,267.8
2026-05,高新街道,科创家园,厨余袋混入玻璃纸盒等可回收物,134.9
2026-05,高新街道,科创家园,可回收物桶混入厨余残渣污染,50.6
2026-05,高新街道,科创家园,其他垃圾桶混入废电池灯管等有害垃圾,194.1
2026-05,高新街道,科创家园,其他垃圾桶混入纸箱金属等可回收物,275.1
2026-06,高新街道,科创家园,厨余袋混入塑料瓶/塑料袋,666.2
2026-06,高新街道,科创家园,厨余袋混入纸巾渣土等其他垃圾,144.1
2026-06,高新街道,科创家园,厨余袋混入玻璃纸盒等可回收物,52.5
2026-06,高新街道,科创家园,可回收物桶混入厨余残渣污染,79.9
2026-06,高新街道,科创家园,其他垃圾桶混入废电池灯管等有害垃圾,495.0
2026-06,高新街道,科创家园,其他垃圾桶混入纸箱金属等可回收物,123.9
2026-07,高新街道,科创家园,厨余袋混入塑料瓶/塑料袋,1006.7
2026-07,高新街道,科创家园,厨余袋混入纸巾渣土等其他垃圾,92.7
2026-07,高新街道,科创家园,厨余袋混入玻璃纸盒等可回收物,121.2
2026-07,高新街道,科创家园,可回收物桶混入厨余残渣污染,124.3
2026-07,高新街道,科创家园,其他垃圾桶混入废电池灯管等有害垃圾,138.6
2026-07,高新街道,科创家园,其他垃圾桶混入纸箱金属等可回收物,36.2
2026-08,高新街道,科创家园,厨余袋混入塑料瓶/塑料袋,841.9
2026-08,高新街道,科创家园,厨余袋混入纸巾渣土等其他垃圾,143.4
2026-08,高新街道,科创家园,厨余袋混入玻璃纸盒等可回收物,232.0
2026-08,高新街道,科创家园,可回收物桶混入厨余残渣污染,87.9
2026-08,高新街道,科创家园,其他垃圾桶混入废电池灯管等有害垃圾,10.0
2026-08,高新街道,科创家园,其他垃圾桶混入纸箱金属等可回收物,71.0
2026-09,高新街道,科创家园,厨余袋混入塑料瓶/塑料袋,85.9
2026-09,高新街道,科创家园,厨余袋混入纸巾渣土等其他垃圾,36.0
2026-09,高新街道,科创家园,厨余袋混入玻璃纸盒等可回收物,48.9
2026-09,高新街道,科创家园,可回收物桶混入厨余残渣污染,350.0
2026-09,高新街道,科创家园,其他垃圾桶混入废电池灯管等有害垃圾,100.5
2026-09,高新街道,科创家园,其他垃圾桶混入纸箱金属等可回收物,184.7
